2P,2P%,2PA,3P,3P%,3PA,AST,Age,BLK,DRB,FG,FG%,FGA,FT,FT%,FTA,G,GS,Id,Lg,MP,ORB,PF,PTS,Pos,STL,Season,TOV,TRB,Tm,eFG%
0.9,0.394,2.2,0.0,0.0,0.1,0.6,22.0,0.0,0.6,0.9,0.377,2.3,0.4,0.8,0.5,30.0,0.0,obannch01,NBA,7.8,0.5,0.5,2.1,SG,0.3,1997-98,0.3,1.1,DET,0.377
1.3,0.436,3.1,0.0,0.0,0.1,0.7,23.0,0.2,0.9,1.3,0.429,3.1,0.4,1.0,0.4,18.0,1.0,obannch01,NBA,9.2,1.0,1.2,3.1,SG,0.1,1998-99,0.4,1.9,DET,0.429
2.3,0.424,5.4,0.2,0.179,0.9,1.0,23.0,0.2,1.6,2.4,0.39,6.3,1.2,0.713,1.7,64.0,29.0,obanned01,NBA,19.6,1.0,1.5,6.2,SG,0.7,1995-96,1.0,2.6,NJN,0.403
1.2,0.359,3.3,0.3,0.257,1.1,0.6,24.0,0.2,1.5,1.5,0.333,4.4,0.5,0.8859999999999999,0.5,64.0,5.0,obanned01,NBA,12.6,0.8,1.5,3.7,SF,0.5,1996-97,0.3,2.3,TOT,0.366
1.3,0.401,3.3,0.4,0.28300000000000003,1.3,0.6,24.0,0.2,1.6,1.7,0.3670000000000001,4.6,0.4,0.87,0.5,45.0,5.0,obanned01,NBA,14.1,0.9,1.7,4.2,SF,0.5,1996-97,0.3,2.5,NJN,0.408
0.8,0.258,3.3,0.1,0.1,0.5,0.6,24.0,0.1,1.4,0.9,0.236,3.8,0.6,0.917,0.6,19.0,0.0,obanned01,NBA,9.2,0.5,1.0,2.4,SF,0.3,1996-97,0.3,1.9,DAL,0.243
0.0,0.0,0.0,0.0,0.0,0.0,1.0,24.0,0.0,0.0,1.6,0.308,5.2,1.0,0.7140000000000001,1.4,5.0,0.0,oboyljo01,NBA,19.4,0.0,4.0,4.2,SG,0.0,1952-53,0.0,2.0,MLH,0.0
0.0,0.0,0.0,0.0,0.0,0.0,0.0,21.0,0.0,0.0,0.8,0.21,3.7,0.7,0.5770000000000001,1.2,22.0,0.0,obriebo01,BAA,0.0,0.0,1.8,2.2,0,0.0,1947-48,0.0,0.0,PHW,0.0
0.0,0.0,0.0,0.0,0.0,0.0,0.4,22.0,0.0,0.0,0.4,0.2,2.1,0.5,0.375,1.3,24.0,0.0,obriebo01,BAA,0.0,0.0,1.3,1.3,0,0.0,1948-49,0.0,0.0,TOT,0.0
0.0,0.0,0.0,0.0,0.0,0.0,0.5,22.0,0.0,0.0,0.3,0.156,2.0,0.3,0.35700000000000004,0.9,16.0,0.0,obriebo01,BAA,0.0,0.0,1.3,0.9,0,0.0,1948-49,0.0,0.0,PHW,0.0
0.0,0.0,0.0,0.0,0.0,0.0,0.1,22.0,0.0,0.0,0.6,0.278,2.3,0.9,0.389,2.3,8.0,0.0,obriebo01,BAA,0.0,0.0,1.4,2.1,0,0.0,1948-49,0.0,0.0,STB,0.0
0.0,0.0,0.5,0.0,0.0,0.0,0.0,23.0,0.0,0.5,0.0,0.0,0.5,0.0,0.0,0.0,2.0,0.0,obriejj01,NBA,3.0,0.0,0.5,0.0,SF,0.5,2015-16,0.0,0.5,UTA,0.0
1.4,0.455,3.0,0.0,0.0,0.4,0.5,22.0,0.3,0.4,1.4,0.405,3.4,0.8,0.6,1.4,11.0,0.0,obrieji02,ABA,4.9,1.2,0.5,3.5,SF,0.3,1973-74,0.7,1.5,NYA,0.405
1.7,0.463,3.8,0.1,0.231,0.6,1.7,23.0,0.5,1.6,1.9,0.433,4.3,1.0,0.7829999999999999,1.3,47.0,0.0,obrieji02,ABA,13.0,1.0,1.2,4.9,SF,0.8,1974-75,1.6,2.6,MMS,0.448
2.0,0.411,4.8,0.1,0.219,0.4,4.4,21.0,0.0,1.8,2.1,0.397,5.2,0.8,0.813,1.0,84.0,0.0,obrieji01,ABA,21.2,0.7,2.3,5.0,PG,0.0,1971-72,1.8,2.5,TOT,0.405
1.7,0.425,4.1,0.2,0.333,0.5,4.1,21.0,0.0,1.1,1.9,0.415,4.6,0.6,0.7859999999999999,0.8,18.0,0.0,obrieji01,ABA,19.7,0.7,2.1,4.6,PG,0.0,1971-72,2.1,1.8,PTC,0.433
2.0,0.408,5.0,0.1,0.174,0.3,4.5,21.0,0.0,1.9,2.1,0.393,5.4,0.8,0.818,1.0,66.0,0.0,obrieji01,ABA,21.6,0.7,2.3,5.1,PG,0.0,1971-72,1.7,2.6,KEN,0.398
1.9,0.409,4.5,0.0,0.0,0.1,2.6,22.0,0.0,1.0,1.9,0.397,4.7,1.0,0.764,1.3,68.0,0.0,obrieji01,ABA,14.9,0.4,1.5,4.7,PG,0.0,1972-73,1.1,1.4,KEN,0.397
2.8,0.42,6.8,0.1,0.259,0.4,3.5,23.0,0.0,1.2,2.9,0.411,7.1,1.1,0.8320000000000001,1.3,72.0,0.0,obrieji01,ABA,18.3,0.7,1.1,7.1,PG,0.9,1973-74,1.6,1.9,TOT,0.418
2.5,0.4270000000000001,6.0,0.0,0.2,0.2,3.0,23.0,0.0,1.2,2.6,0.419,6.2,1.0,0.833,1.2,46.0,0.0,obrieji01,ABA,16.5,0.7,1.0,6.2,PG,0.7,1973-74,1.5,1.8,KEN,0.423
3.3,0.41,8.2,0.2,0.294,0.7,4.4,23.0,0.0,1.2,3.5,0.402,8.8,1.3,0.8290000000000001,1.6,26.0,0.0,obrieji01,ABA,21.5,0.7,1.2,8.6,PG,1.1,1973-74,1.7,1.9,SDA,0.413
2.6,0.42,6.2,0.1,0.118,0.4,5.6,24.0,0.0,1.7,2.7,0.4,6.6,1.6,0.88,1.8,79.0,0.0,obrieji01,ABA,25.8,0.6,1.9,6.9,PG,1.1,1974-75,2.4,2.4,SDA,0.404
0.0,0.0,0.0,0.0,0.0,0.0,1.9,23.0,0.0,0.0,3.6,0.3720000000000001,9.6,1.9,0.8190000000000001,2.3,64.0,0.0,obriera01,NBA,24.6,0.0,1.8,9.0,SG,0.0,1951-52,0.0,1.9,INO,0.0
0.0,0.0,0.0,0.0,0.0,0.0,1.0,24.0,0.0,0.0,1.7,0.336,5.2,1.4,0.848,1.7,55.0,0.0,obriera01,NBA,13.8,0.0,1.3,4.9,PG,0.0,1952-53,0.0,1.3,TOT,0.0
0.0,0.0,0.0,0.0,0.0,0.0,1.0,24.0,0.0,0.0,1.7,0.311,5.6,1.7,0.877,1.9,34.0,0.0,obriera01,NBA,15.5,0.0,1.1,5.1,0,0.0,1952-53,0.0,1.5,INO,0.0
0.0,0.0,0.0,0.0,0.0,0.0,0.6,24.0,0.0,0.0,1.4,0.417,3.4,0.4,0.6,0.7,7.0,0.0,obriera01,NBA,7.1,0.0,1.0,3.3,0,0.0,1952-53,0.0,0.0,FTW,0.0
0.0,0.0,0.0,0.0,0.0,0.0,1.2,24.0,0.0,0.0,1.9,0.375,5.1,1.3,0.818,1.6,14.0,0.0,obriera01,NBA,13.0,0.0,2.1,5.1,PG,0.0,1952-53,0.0,1.4,BLB,0.0
1.3,0.3670000000000001,3.5,0.0,0.0,0.0,0.5,21.0,0.1,1.1,1.3,0.3670000000000001,3.5,0.4,0.444,0.8,34.0,15.0,obryajo01,NBA,10.8,0.8,1.3,2.9,PF,0.1,2014-15,0.7,1.9,MIL,0.3670000000000001
1.3,0.409,3.2,0.0,1.0,0.0,0.5,22.0,0.1,1.7,1.3,0.411,3.2,0.4,0.675,0.6,66.0,4.0,obryajo01,NBA,13.0,1.0,1.5,3.0,PF,0.3,2015-16,0.5,2.7,MIL,0.414
1.1,0.5,2.2,0.3,0.5,0.5,0.5,23.0,0.1,0.9,1.4,0.5,2.7,0.5,0.833,0.5,11.0,0.0,obryajo01,NBA,7.3,0.8,0.9,3.5,PF,0.0,2016-17,0.5,1.7,TOT,0.55
0.7,0.417,1.7,0.3,0.667,0.4,0.3,23.0,0.1,0.9,1.0,0.467,2.1,0.6,1.0,0.6,7.0,0.0,obryajo01,NBA,6.6,0.7,0.6,2.9,PF,0.0,2016-17,0.4,1.6,DEN,0.5329999999999999
1.8,0.583,3.0,0.3,0.333,0.8,1.0,23.0,0.0,1.0,2.0,0.5329999999999999,3.8,0.3,0.5,0.5,4.0,0.0,obryajo01,NBA,8.5,1.0,1.5,4.5,PF,0.0,2016-17,0.8,2.0,CHO,0.5670000000000001
1.5,0.422,3.6,0.4,0.326,1.2,0.4,24.0,0.2,1.8,1.9,0.398,4.8,0.6,0.84,0.7,36.0,0.0,obryajo01,NBA,10.5,0.8,1.3,4.8,PF,0.3,2017-18,0.4,2.6,CHO,0.439
0.6,0.313,2.0,0.0,0.0,0.0,0.6,20.0,0.5,0.9,0.6,0.313,2.0,0.7,0.647,1.1,16.0,0.0,obryapa01,NBA,7.4,0.4,1.6,1.9,C,0.4,2006-07,0.5,1.3,GSW,0.313
0.7,0.552,1.2,0.0,0.0,0.0,0.2,21.0,0.4,0.8,0.7,0.552,1.2,0.1,0.6,0.2,24.0,0.0,obryapa01,NBA,4.1,0.4,1.1,1.5,C,0.2,2007-08,0.3,1.2,GSW,0.552
1.2,0.5489999999999999,2.1,0.0,0.0,0.1,0.3,22.0,0.5,1.4,1.2,0.536,2.2,0.3,0.55,0.5,39.0,3.0,obryapa01,NBA,6.5,0.3,1.6,2.6,C,0.2,2008-09,0.6,1.7,TOT,0.536
0.6,0.516,1.2,0.0,0.0,0.0,0.3,22.0,0.3,1.0,0.6,0.516,1.2,0.3,0.667,0.5,26.0,0.0,obryapa01,NBA,4.2,0.3,1.1,1.5,C,0.1,2008-09,0.7,1.3,BOS,0.516
2.2,0.569,3.9,0.0,0.0,0.2,0.2,22.0,0.8,2.0,2.2,0.547,4.1,0.2,0.375,0.6,13.0,3.0,obryapa01,NBA,11.3,0.5,2.5,4.7,C,0.2,2008-09,0.4,2.5,TOR,0.547
0.7,0.5710000000000001,1.3,0.0,0.0,0.1,0.1,23.0,0.4,0.8,0.7,0.5329999999999999,1.4,0.3,0.5,0.5,11.0,0.0,obryapa01,NBA,4.6,0.2,1.1,1.7,C,0.2,2009-10,0.5,1.0,TOR,0.5329999999999999
0.0,0.0,0.0,0.0,0.0,0.0,3.1,20.0,0.0,0.0,4.1,0.276,15.0,1.4,0.536,2.7,21.0,0.0,oconnde01,BAA,0.0,0.0,1.9,9.7,0,0.0,1948-49,0.0,0.0,BOS,0.0
0.0,0.0,0.0,0.0,0.0,0.0,1.5,21.0,0.0,0.0,1.8,0.261,7.0,0.8,0.528,1.5,61.0,0.0,oconnde01,NBA,0.0,0.0,1.5,4.4,0,0.0,1949-50,0.0,0.0,TOT,0.0
0.0,0.0,0.0,0.0,0.0,0.0,1.7,21.0,0.0,0.0,1.9,0.262,7.4,0.9,0.569,1.6,37.0,0.0,oconnde01,NBA,0.0,0.0,1.7,4.8,0,0.0,1949-50,0.0,0.0,BOS,0.0
0.0,0.0,0.0,0.0,0.0,0.0,1.1,21.0,0.0,0.0,1.6,0.26,6.3,0.6,0.452,1.3,24.0,0.0,oconnde01,NBA,0.0,0.0,1.2,3.8,0,0.0,1949-50,0.0,0.0,STB,0.0
0.0,0.0,0.0,0.0,0.0,0.0,0.7,24.0,0.0,0.0,1.5,0.35200000000000004,4.3,0.6,0.778,0.7,25.0,0.0,odonnan01,NBA,0.0,0.0,1.3,3.6,0,0.0,1949-50,0.0,0.0,BLB,0.0
0.0,0.0,0.0,0.0,0.0,0.0,0.4,27.0,0.0,0.0,1.0,0.238,4.2,0.7,0.7170000000000001,1.0,55.0,0.0,ogradbu01,BAA,0.0,0.0,1.1,2.7,0,0.0,1946-47,0.0,0.0,WSC,0.0
0.0,0.0,0.0,0.0,0.0,0.0,0.2,28.0,0.0,0.0,1.5,0.261,5.8,0.8,0.667,1.2,44.0,0.0,ogradbu01,BAA,0.0,0.0,1.4,3.9,0,0.0,1947-48,0.0,0.0,STB,0.0
0.0,0.0,0.0,0.0,0.0,0.0,1.4,29.0,0.0,0.0,1.8,0.29,6.2,1.0,0.69,1.5,47.0,0.0,ogradbu01,BAA,0.0,0.0,1.2,4.7,0,0.0,1948-49,0.0,0.0,TOT,0.0
0.0,0.0,0.0,0.0,0.0,0.0,1.4,29.0,0.0,0.0,1.7,0.295,5.9,1.1,0.7390000000000001,1.5,30.0,0.0,ogradbu01,BAA,0.0,0.0,1.2,4.6,0,0.0,1948-49,0.0,0.0,STB,0.0
0.0,0.0,0.0,0.0,0.0,0.0,1.5,29.0,0.0,0.0,1.9,0.282,6.9,0.9,0.6,1.5,17.0,0.0,ogradbu01,BAA,0.0,0.0,1.2,4.8,0,0.0,1948-49,0.0,0.0,PRO,0.0
0.6,0.381,1.5,0.0,0.0,0.1,0.9,22.0,0.0,0.1,0.6,0.364,1.6,0.4,0.667,0.6,14.0,0.0,ohanlfr01,ABA,7.2,0.1,1.3,1.6,0,0.0,1970-71,1.6,0.3,FLO,0.364
0.0,0.0,0.0,0.0,0.0,0.0,0.5,24.0,0.0,0.0,1.7,0.245,6.9,0.8,0.508,1.6,37.0,0.0,okeefdi01,BAA,0.0,0.0,2.3,4.2,0,0.0,1947-48,0.0,0.0,WSC,0.0
0.0,0.0,0.0,0.0,0.0,0.0,0.9,25.0,0.0,0.0,1.4,0.255,5.5,1.0,0.515,2.0,50.0,0.0,okeefdi01,BAA,0.0,0.0,2.4,3.8,0,0.0,1948-49,0.0,0.0,WSC,0.0
0.0,0.0,0.0,0.0,0.0,0.0,1.1,26.0,0.0,0.0,2.4,0.306,7.8,2.2,0.7390000000000001,3.0,68.0,0.0,okeefdi01,NBA,0.0,0.0,3.6,7.0,0,0.0,1949-50,0.0,0.0,WSC,0.0
0.0,0.0,0.0,0.0,0.0,0.0,1.5,27.0,0.0,0.0,1.2,0.206,6.0,1.5,0.6409999999999999,2.3,17.0,0.0,okeefdi01,NBA,0.0,0.0,2.8,3.9,0,0.0,1950-51,0.0,2.2,WSC,0.0
0.0,0.0,0.0,0.0,0.0,0.0,1.7,22.0,0.0,0.0,1.7,0.35700000000000004,4.7,0.5,0.75,0.7,6.0,0.0,okeefto01,NBA,0.0,0.0,0.8,3.8,0,0.0,1950-51,0.0,1.2,TOT,0.0
0.0,0.0,0.0,0.0,0.0,0.0,0.7,22.0,0.0,0.0,1.7,0.385,4.3,0.7,0.667,1.0,3.0,0.0,okeefto01,NBA,0.0,0.0,0.3,4.0,0,0.0,1950-51,0.0,1.3,WSC,0.0
0.0,0.0,0.0,0.0,0.0,0.0,2.7,22.0,0.0,0.0,1.7,0.333,5.0,0.3,1.0,0.3,3.0,0.0,okeefto01,NBA,0.0,0.0,1.3,3.7,0,0.0,1950-51,0.0,1.0,BLB,0.0
4.6,0.491,9.3,0.1,0.278,0.2,3.2,22.0,0.3,3.8,4.6,0.486,9.5,1.7,0.637,2.7,79.0,0.0,okoremi01,NBA,31.3,2.3,3.1,11.0,SF,1.1,1980-81,1.8,6.1,NJN,0.489
4.7,0.4970000000000001,9.4,0.1,0.348,0.3,2.4,23.0,0.2,2.4,4.8,0.4920000000000001,9.7,1.7,0.7140000000000001,2.4,80.0,32.0,okoremi01,NBA,25.2,1.4,2.2,11.4,SF,1.0,1981-82,1.8,3.8,NJN,0.4970000000000001
2.9,0.536,5.4,0.0,0.222,0.2,1.8,24.0,0.2,1.6,3.0,0.525,5.6,0.7,0.708,1.0,46.0,14.0,okoremi01,NBA,17.5,0.9,1.5,6.7,SF,0.9,1982-83,1.3,2.5,NJN,0.529
2.5,0.507,4.9,0.1,0.179,0.4,1.3,25.0,0.2,1.4,2.5,0.483,5.3,0.7,0.609,1.2,73.0,25.0,okoremi01,NBA,16.3,1.0,2.0,5.9,SF,0.5,1983-84,1.0,2.4,NJN,0.49
4.3,0.5,8.7,0.2,0.381,0.5,2.4,26.0,0.4,2.8,4.5,0.494,9.1,1.0,0.627,1.6,43.0,29.0,okoremi01,NBA,26.0,1.1,2.7,10.2,SF,0.7,1984-85,1.2,3.9,NJN,0.504
2.3,0.495,4.6,0.1,0.259,0.4,1.8,27.0,0.1,1.5,2.4,0.476,5.0,0.3,0.59,0.6,67.0,11.0,okoremi01,NBA,15.4,0.5,2.0,5.2,SF,0.4,1985-86,0.8,2.0,NJN,0.487
1.1,0.4,2.7,0.0,0.0,0.1,0.9,28.0,0.0,0.5,1.1,0.381,2.8,0.0,0.0,0.1,15.0,0.0,okoremi01,NBA,8.2,0.4,0.7,2.1,SF,0.1,1986-87,0.4,0.9,WSB,0.381
2.3,0.6,3.8,0.0,0.0,0.3,0.5,29.0,0.5,0.8,2.3,0.563,4.0,0.0,0.0,1.0,4.0,0.0,okoremi01,NBA,13.0,0.3,0.5,4.5,SF,0.8,1987-88,0.0,1.0,NJN,0.563
0.0,0.0,0.0,0.0,0.0,0.0,0.4,21.0,0.0,0.0,0.9,0.35,2.5,0.3,0.421,0.8,24.0,0.0,omallgr01,NBA,4.7,0.0,0.5,2.1,0,0.0,1969-70,0.0,1.1,ATL,0.0
1.5,0.454,3.4,0.0,0.0,0.0,0.2,18.0,0.6,1.9,1.5,0.451,3.4,1.0,0.603,1.7,45.0,0.0,onealje01,NBA,10.2,0.9,1.0,4.1,PF,0.0,1996-97,0.6,2.8,POR,0.451
1.9,0.489,3.8,0.0,0.0,0.0,0.3,19.0,1.0,2.0,1.9,0.485,3.9,0.8,0.506,1.5,60.0,9.0,onealje01,NBA,13.5,1.3,1.7,4.5,PF,0.3,1997-98,0.9,3.4,POR,0.485
1.0,0.439,2.3,0.0,0.0,0.0,0.4,20.0,0.4,1.5,1.0,0.434,2.3,0.5,0.514,1.0,36.0,1.0,onealje01,NBA,8.6,1.2,1.1,2.5,PF,0.1,1998-99,0.4,2.7,POR,0.434
1.5,0.489,3.2,0.0,0.0,0.0,0.3,21.0,0.8,1.9,1.5,0.486,3.2,0.8,0.5820000000000001,1.4,70.0,8.0,onealje01,NBA,12.3,1.4,1.8,3.9,C,0.2,1999-00,0.7,3.3,POR,0.486
5.0,0.468,10.7,0.0,0.0,0.1,1.2,22.0,2.8,6.7,5.0,0.465,10.7,2.9,0.601,4.8,81.0,80.0,onealje01,NBA,32.6,3.1,3.5,12.9,C,0.6,2000-01,2.0,9.8,IND,0.465
7.5,0.484,15.5,0.0,0.071,0.2,1.6,23.0,2.3,7.9,7.5,0.479,15.7,3.9,0.688,5.7,72.0,72.0,onealje01,NBA,37.6,2.6,3.7,19.0,PF,0.6,2001-02,2.4,10.5,IND,0.48
7.8,0.487,16.1,0.1,0.333,0.3,2.0,24.0,2.3,7.7,7.9,0.484,16.4,4.8,0.731,6.6,77.0,76.0,onealje01,NBA,37.2,2.6,3.6,20.8,PF,0.9,2002-03,2.3,10.3,IND,0.487
7.8,0.438,17.7,0.0,0.111,0.2,2.1,25.0,2.6,7.5,7.8,0.434,17.9,4.5,0.757,5.9,78.0,78.0,onealje01,NBA,35.7,2.5,3.2,20.1,PF,0.8,2003-04,2.3,10.0,IND,0.435
8.8,0.454,19.3,0.0,0.16699999999999998,0.1,1.9,26.0,2.0,6.9,8.8,0.452,19.4,6.7,0.754,8.9,44.0,41.0,onealje01,NBA,34.8,1.9,3.9,24.3,PF,0.6,2004-05,3.0,8.8,IND,0.453
7.4,0.474,15.6,0.1,0.3,0.2,2.6,27.0,2.3,7.3,7.5,0.472,15.8,5.1,0.7090000000000001,7.2,51.0,47.0,onealje01,NBA,35.3,2.0,3.5,20.1,PF,0.5,2005-06,3.0,9.3,IND,0.474
7.2,0.439,16.4,0.0,0.0,0.1,2.4,28.0,2.6,7.4,7.2,0.436,16.5,5.0,0.767,6.5,69.0,69.0,onealje01,NBA,35.6,2.2,3.4,19.4,C,0.7,2006-07,2.9,9.6,IND,0.436
5.4,0.444,12.1,0.0,0.0,0.1,2.2,29.0,2.1,4.8,5.4,0.439,12.2,2.9,0.742,3.9,42.0,34.0,onealje01,NBA,28.7,2.0,3.1,13.6,C,0.5,2007-08,2.5,6.7,IND,0.439
5.4,0.475,11.3,0.0,0.0,0.0,1.8,30.0,2.0,4.5,5.4,0.474,11.3,2.6,0.7879999999999999,3.3,68.0,61.0,onealje01,NBA,29.8,1.9,3.1,13.3,C,0.4,2008-09,2.1,6.4,TOT,0.474
5.4,0.474,11.3,0.0,0.0,0.0,1.6,30.0,2.0,5.3,5.4,0.473,11.3,2.8,0.81,3.5,41.0,34.0,onealje01,NBA,29.7,1.7,3.2,13.5,C,0.4,2008-09,2.2,7.0,TOR,0.473
5.4,0.475,11.3,0.0,0.0,0.0,2.0,30.0,2.0,3.3,5.4,0.475,11.3,2.2,0.75,3.0,27.0,27.0,onealje01,NBA,30.0,2.0,3.0,13.0,C,0.4,2008-09,1.9,5.4,MIA,0.475
5.6,0.53,10.6,0.0,0.0,0.0,1.3,31.0,1.4,5.2,5.6,0.529,10.6,2.3,0.72,3.2,70.0,70.0,onealje01,NBA,28.4,1.8,3.0,13.6,C,0.4,2009-10,1.8,6.9,MIA,0.529
2.1,0.463,4.5,0.0,0.0,0.0,0.5,32.0,1.3,2.6,2.1,0.459,4.5,1.2,0.674,1.8,24.0,10.0,onealje01,NBA,18.0,1.0,2.7,5.4,C,0.1,2010-11,1.1,3.7,BOS,0.459
2.1,0.433,4.8,0.0,0.0,0.0,0.4,33.0,1.7,3.9,2.1,0.433,4.8,0.8,0.677,1.2,25.0,24.0,onealje01,NBA,22.8,1.5,3.2,5.0,C,0.3,2011-12,0.8,5.4,BOS,0.433
3.3,0.482,6.7,0.0,0.0,0.0,0.8,34.0,1.4,3.8,3.3,0.482,6.7,1.7,0.835,2.1,55.0,4.0,onealje01,NBA,18.7,1.5,2.3,8.3,C,0.3,2012-13,1.3,5.3,PHO,0.482
2.8,0.504,5.6,0.0,0.0,0.0,0.6,35.0,0.9,3.6,2.8,0.504,5.6,2.3,0.75,3.0,44.0,13.0,onealje01,NBA,20.1,1.9,2.3,7.9,PF,0.3,2013-14,1.2,5.5,GSW,0.504
9.0,0.563,16.1,0.0,0.0,0.0,1.9,20.0,3.5,9.6,9.0,0.562,16.1,5.3,0.5920000000000001,8.9,81.0,81.0,onealsh01,NBA,37.9,4.2,4.0,23.4,C,0.7,1992-93,3.8,13.9,ORL,0.562
11.8,0.6,19.6,0.0,0.0,0.0,2.4,21.0,2.9,8.5,11.8,0.599,19.6,5.8,0.5539999999999999,10.5,81.0,81.0,onealsh01,NBA,39.8,4.7,3.5,29.3,C,0.9,1993-94,2.7,13.2,ORL,0.599
11.8,0.585,20.1,0.0,0.0,0.1,2.7,22.0,2.4,7.3,11.8,0.583,20.2,5.8,0.5329999999999999,10.8,79.0,79.0,onealsh01,NBA,37.0,4.2,3.3,29.3,C,0.9,1994-95,2.6,11.4,ORL,0.583
10.9,0.573,19.1,0.0,0.5,0.0,2.9,23.0,2.1,7.7,11.0,0.573,19.1,4.6,0.487,9.5,54.0,52.0,onealsh01,NBA,36.0,3.4,3.6,26.6,C,0.6,1995-96,2.9,11.0,ORL,0.574
10.8,0.5589999999999999,19.4,0.0,0.0,0.1,3.1,24.0,2.9,8.7,10.8,0.557,19.4,4.5,0.484,9.4,51.0,51.0,onealsh01,NBA,38.1,3.8,3.5,26.2,C,0.9,1996-97,2.9,12.5,LAL,0.557
11.2,0.584,19.1,0.0,0.0,0.0,2.4,25.0,2.4,7.9,11.2,0.584,19.1,6.0,0.527,11.4,60.0,57.0,onealsh01,NBA,36.3,3.5,3.2,28.3,C,0.7,1997-98,2.9,11.4,LAL,0.584
10.4,0.5770000000000001,18.0,0.0,0.0,0.0,2.3,26.0,1.7,6.9,10.4,0.5760000000000001,18.1,5.5,0.54,10.2,49.0,49.0,onealsh01,NBA,34.8,3.8,3.2,26.3,C,0.7,1998-99,2.5,10.7,LAL,0.5760000000000001
12.1,0.575,21.1,0.0,0.0,0.0,3.8,27.0,3.0,9.4,12.1,0.574,21.1,5.5,0.524,10.4,79.0,79.0,onealsh01,NBA,40.0,4.3,3.2,29.7,C,0.5,1999-00,2.8,13.6,LAL,0.574
11.0,0.573,19.2,0.0,0.0,0.0,3.7,28.0,2.8,8.8,11.0,0.5720000000000001,19.2,6.7,0.513,13.1,74.0,74.0,onealsh01,NBA,39.5,3.9,3.5,28.7,C,0.6,2000-01,2.9,12.7,LAL,0.5720000000000001
10.6,0.58,18.3,0.0,0.0,0.0,3.0,29.0,2.0,7.2,10.6,0.579,18.3,5.9,0.555,10.7,67.0,66.0,onealsh01,NBA,36.1,3.5,3.0,27.2,C,0.6,2001-02,2.6,10.7,LAL,0.579
10.4,0.574,18.1,0.0,0.0,0.0,3.1,30.0,2.4,7.2,10.4,0.574,18.1,6.7,0.622,10.8,67.0,66.0,onealsh01,NBA,37.8,3.9,3.4,27.5,C,0.6,2002-03,2.9,11.1,LAL,0.574
8.3,0.584,14.1,0.0,0.0,0.0,2.9,31.0,2.5,7.8,8.3,0.584,14.1,4.9,0.49,10.1,67.0,67.0,onealsh01,NBA,36.8,3.7,3.4,21.5,C,0.5,2003-04,2.9,11.5,LAL,0.584
9.0,0.601,15.0,0.0,0.0,0.0,2.7,32.0,2.3,6.9,9.0,0.601,15.0,4.8,0.461,10.5,73.0,73.0,onealsh01,NBA,34.1,3.5,3.6,22.9,C,0.5,2004-05,2.8,10.4,MIA,0.601
8.1,0.6,13.6,0.0,0.0,0.0,1.9,33.0,1.8,6.3,8.1,0.6,13.6,3.7,0.469,8.0,59.0,58.0,onealsh01,NBA,30.6,2.9,3.9,20.0,C,0.4,2005-06,2.8,9.2,MIA,0.6
7.1,0.591,12.0,0.0,0.0,0.0,2.0,34.0,1.4,5.0,7.1,0.591,12.0,3.1,0.422,7.4,40.0,39.0,onealsh01,NBA,28.4,2.4,3.5,17.3,C,0.2,2006-07,2.4,7.4,MIA,0.591
5.4,0.593,9.1,0.0,0.0,0.0,1.5,35.0,1.4,6.4,5.4,0.593,9.1,2.8,0.503,5.5,61.0,61.0,onealsh01,NBA,28.7,2.7,3.7,13.6,C,0.5,2007-08,3.0,9.1,TOT,0.593
5.8,0.581,10.0,0.0,0.0,0.0,1.4,35.0,1.6,4.8,5.8,0.581,10.0,2.7,0.494,5.4,33.0,33.0,onealsh01,NBA,28.6,3.0,4.1,14.2,C,0.6,2007-08,3.0,7.8,MIA,0.581
5.0,0.611,8.2,0.0,0.0,0.0,1.7,35.0,1.2,8.2,5.0,0.611,8.2,2.9,0.513,5.7,28.0,28.0,onealsh01,NBA,28.7,2.4,3.4,12.9,C,0.5,2007-08,3.0,10.6,PHO,0.611
6.8,0.61,11.2,0.0,0.0,0.0,1.7,36.0,1.4,5.9,6.8,0.609,11.2,4.1,0.595,6.9,75.0,75.0,onealsh01,NBA,30.0,2.5,3.4,17.8,C,0.7,2008-09,2.2,8.4,PHO,0.609
4.9,0.5670000000000001,8.7,0.0,0.0,0.0,1.5,37.0,1.2,4.9,4.9,0.5660000000000001,8.7,2.1,0.496,4.3,53.0,53.0,onealsh01,NBA,23.4,1.8,3.2,12.0,C,0.3,2009-10,2.0,6.7,CLE,0.5660000000000001
3.6,0.667,5.4,0.0,0.0,0.0,0.7,38.0,1.1,3.5,3.6,0.667,5.4,2.0,0.557,3.5,37.0,36.0,onealsh01,NBA,20.3,1.3,3.2,9.2,C,0.4,2010-11,1.5,4.8,BOS,0.667
1.1,0.47,2.4,0.6,0.35600000000000004,1.7,1.4,24.0,0.2,3.1,1.7,0.423,4.1,0.9,0.8029999999999999,1.1,69.0,4.0,onealro01,NBA,16.7,0.4,1.5,5.0,SF,0.5,2017-18,0.8,3.4,UTA,0.496
0.0,0.0,0.0,0.0,0.0,0.0,0.8,0.0,0.0,0.0,1.0,0.235,4.3,1.0,1.0,1.0,4.0,0.0,oneilmi01,NBA,12.5,0.0,2.5,3.0,SF,0.0,1952-53,0.0,2.3,MLH,0.0
1.8,0.515,3.4,0.0,0.0,0.0,0.9,22.0,0.5,2.5,1.8,0.513,3.5,0.5,0.667,0.8,57.0,5.0,oquinky01,NBA,11.2,1.1,1.9,4.1,C,0.2,2012-13,0.6,3.7,ORL,0.513
2.7,0.505,5.3,0.0,0.0,0.0,1.1,23.0,1.3,3.8,2.7,0.501,5.4,0.8,0.687,1.2,69.0,19.0,oquinky01,NBA,17.2,1.4,2.4,6.2,C,0.6,2013-14,1.1,5.3,ORL,0.501
2.1,0.5379999999999999,3.9,0.2,0.279,0.8,1.2,24.0,0.8,3.0,2.3,0.4920000000000001,4.7,0.9,0.772,1.1,51.0,17.0,oquinky01,NBA,16.2,0.9,2.2,5.8,PF,0.6,2014-15,1.1,3.9,ORL,0.517
1.9,0.498,3.8,0.1,0.227,0.3,1.1,25.0,0.8,2.7,2.0,0.476,4.2,0.7,0.767,0.9,65.0,1.0,oquinky01,NBA,11.8,1.2,1.6,4.8,PF,0.3,2015-16,0.9,3.8,NYK,0.485
2.7,0.5379999999999999,5.0,0.0,0.118,0.2,1.5,26.0,1.3,3.6,2.7,0.521,5.2,0.8,0.7709999999999999,1.1,79.0,8.0,oquinky01,NBA,15.6,2.0,2.2,6.3,C,0.5,2016-17,1.0,5.6,NYK,0.523
2.9,0.598,4.8,0.1,0.235,0.2,2.1,27.0,1.3,4.5,2.9,0.5820000000000001,5.0,1.3,0.772,1.6,77.0,10.0,oquinky01,NBA,18.0,1.6,2.5,7.1,C,0.5,2017-18,1.3,6.1,NYK,0.5870000000000001
0.0,0.0,0.0,0.0,0.0,0.0,1.6,25.0,0.0,0.0,1.4,0.326,4.2,1.5,0.7240000000000001,2.1,63.0,0.0,osheake01,NBA,0.0,0.0,1.6,4.3,0,0.0,1950-51,0.0,2.0,MNL,0.0
0.0,0.0,0.0,0.0,0.0,0.0,2.6,26.0,0.0,0.0,2.4,0.328,7.2,2.2,0.6859999999999999,3.2,65.0,0.0,osheake01,NBA,26.5,0.0,2.7,6.9,PG,0.0,1951-52,0.0,3.1,TOT,0.0
0.0,0.0,0.0,0.0,0.0,0.0,2.3,26.0,0.0,0.0,2.1,0.306,7.0,1.7,0.655,2.6,43.0,0.0,osheake01,NBA,25.0,0.0,2.6,6.0,0,0.0,1951-52,0.0,2.8,MLH,0.0
0.0,0.0,0.0,0.0,0.0,0.0,3.2,26.0,0.0,0.0,2.8,0.37,7.5,3.2,0.722,4.4,22.0,0.0,osheake01,NBA,29.5,0.0,2.9,8.7,PG,0.0,1951-52,0.0,3.6,BLB,0.0
0.0,0.0,0.0,0.0,0.0,0.0,1.9,27.0,0.0,0.0,1.5,0.376,4.1,1.0,0.593,1.8,46.0,0.0,osheake01,NBA,14.0,0.0,1.8,4.1,SG,0.0,1952-53,0.0,1.7,BLB,0.0
0.0,0.0,0.0,0.0,0.0,0.0,0.1,25.0,0.0,0.0,0.2,0.182,1.2,0.0,0.0,0.2,9.0,0.0,oshiega01,BAA,0.0,0.0,0.9,0.4,0,0.0,1946-47,0.0,0.0,CHS,0.0
0.3,0.438,0.8,0.0,0.0,0.0,0.2,22.0,0.0,0.6,0.3,0.438,0.8,0.3,0.636,0.5,21.0,0.0,osullda01,NBA,4.0,0.2,0.9,1.0,C,0.0,1990-91,0.2,0.8,UTA,0.438
0.0,0.0,0.0,0.0,0.0,0.0,0.0,23.0,0.0,0.0,0.0,0.0,0.0,0.0,0.0,0.0,0.0,0.0,osullda01,0,0.0,0.0,0.0,0.0,0,0.0,1991-92,0.0,0.0,"Did Not PlayÂ (other pro leagueâGBA, USBL)",0.0
0.5,0.6,0.8,0.0,0.0,0.0,0.2,24.0,0.0,0.7,0.5,0.6,0.8,0.5,0.75,0.7,6.0,0.0,osullda01,NBA,2.8,0.3,0.7,1.5,C,0.2,1992-93,0.0,1.0,TOT,0.6
0.7,0.667,1.0,0.0,0.0,0.0,0.0,24.0,0.0,0.7,0.7,0.667,1.0,0.0,0.0,0.0,3.0,0.0,osullda01,NBA,3.3,0.7,0.3,1.3,C,0.0,1992-93,0.0,1.3,NJN,0.667
0.3,0.5,0.7,0.0,0.0,0.0,0.3,24.0,0.0,0.7,0.3,0.5,0.7,1.0,0.75,1.3,3.0,0.0,osullda01,NBA,2.3,0.0,1.0,1.7,C,0.3,1992-93,0.0,0.7,MIL,0.5
0.3,0.333,0.9,0.0,0.0,0.0,0.2,25.0,0.0,0.6,0.3,0.333,0.9,0.7,0.75,0.9,13.0,0.0,osullda01,NBA,4.3,0.2,0.8,1.3,C,0.0,1993-94,0.2,0.8,DET,0.333
0.0,0.0,0.0,0.0,0.0,0.0,0.0,26.0,0.0,0.0,0.0,0.0,0.0,0.0,0.0,0.0,0.0,0.0,osullda01,0,0.0,0.0,0.0,0.0,0,0.0,1994-95,0.0,0.0,Did Not PlayÂ (other pro leagueâCBA),0.0
2.6,0.382,6.8,0.0,0.0,0.2,0.4,27.0,0.8,3.8,2.6,0.371,7.0,1.4,0.875,1.6,5.0,2.0,osullda01,NBA,27.8,2.6,2.6,6.6,C,0.4,1995-96,1.0,6.4,TOR,0.371
3.6,0.522,7.0,0.0,0.0,0.0,1.7,22.0,0.4,5.3,3.6,0.519,7.0,2.3,0.662,3.5,77.0,30.0,oaklech01,NBA,23.0,3.3,3.2,9.6,PF,0.9,1985-86,2.3,8.6,CHI,0.519
5.6,0.447,12.5,0.1,0.3670000000000001,0.4,3.6,23.0,0.4,9.5,5.7,0.445,12.8,3.0,0.6859999999999999,4.4,82.0,81.0,oaklech01,NBA,36.3,3.6,3.8,14.5,PF,1.0,1986-87,3.6,13.1,CHI,0.45
4.5,0.487,9.3,0.0,0.25,0.1,3.0,24.0,0.3,9.0,4.6,0.483,9.5,3.2,0.727,4.4,82.0,82.0,oaklech01,NBA,34.3,4.0,3.3,12.4,PF,0.8,1987-88,2.9,13.0,CHI,0.485
5.0,0.526,9.6,0.1,0.25,0.6,2.3,25.0,0.2,6.3,5.2,0.51,10.2,2.4,0.773,3.1,82.0,82.0,oaklech01,NBA,31.8,4.2,3.3,12.9,PF,1.3,1988-89,3.0,10.5,NYK,0.517
5.5,0.527,10.5,0.0,0.0,0.0,2.4,26.0,0.3,7.7,5.5,0.524,10.5,3.6,0.7609999999999999,4.7,61.0,61.0,oaklech01,NBA,36.0,4.2,3.6,14.6,PF,1.0,1989-90,2.7,11.9,NYK,0.524
4.0,0.518,7.8,0.0,0.0,0.0,2.7,27.0,0.2,8.1,4.0,0.516,7.8,3.1,0.784,4.0,76.0,74.0,oaklech01,NBA,36.0,4.0,3.8,11.2,PF,0.8,1990-91,2.8,12.1,NYK,0.516
2.6,0.526,4.9,0.0,0.0,0.0,1.6,28.0,0.2,5.4,2.6,0.522,4.9,1.0,0.735,1.4,82.0,82.0,oaklech01,NBA,28.2,3.1,3.1,6.2,PF,0.8,1991-92,1.5,8.5,NYK,0.522
2.7,0.509,5.2,0.0,0.0,0.0,1.5,29.0,0.2,5.1,2.7,0.508,5.3,1.5,0.722,2.1,82.0,82.0,oaklech01,NBA,27.2,3.5,3.5,6.9,PF,1.0,1992-93,1.5,8.6,NYK,0.508
4.4,0.48,9.2,0.0,0.0,0.0,2.7,30.0,0.2,7.5,4.4,0.478,9.3,3.0,0.7759999999999999,3.8,82.0,82.0,oaklech01,NBA,35.8,4.3,3.6,11.8,PF,1.3,1993-94,2.4,11.8,NYK,0.478
3.8,0.496,7.6,0.1,0.25,0.2,2.5,31.0,0.1,5.8,3.8,0.489,7.9,2.4,0.7929999999999999,3.0,50.0,49.0,oaklech01,NBA,31.3,3.1,3.6,10.1,PF,1.2,1994-95,2.1,8.9,NYK,0.4920000000000001
3.8,0.483,8.0,0.1,0.269,0.5,2.6,32.0,0.3,5.6,4.0,0.471,8.5,3.3,0.833,4.0,53.0,51.0,oaklech01,NBA,33.5,3.1,3.7,11.4,PF,1.1,1995-96,2.0,8.7,NYK,0.479
4.2,0.495,8.4,0.1,0.263,0.2,2.8,33.0,0.3,6.7,4.2,0.488,8.7,2.3,0.8079999999999999,2.8,80.0,80.0,oaklech01,NBA,35.9,3.1,3.8,10.8,PF,1.4,1996-97,2.1,9.8,NYK,0.4920000000000001
3.9,0.444,8.8,0.0,0.0,0.1,2.5,34.0,0.3,6.4,3.9,0.44,8.8,1.2,0.851,1.4,79.0,79.0,oaklech01,NBA,34.6,2.8,3.5,9.0,PF,1.6,1997-98,1.6,9.2,NYK,0.44
2.8,0.4320000000000001,6.4,0.0,0.2,0.1,3.4,35.0,0.4,5.6,2.8,0.428,6.5,1.3,0.807,1.7,50.0,50.0,oaklech01,NBA,32.7,1.9,3.6,7.0,PF,0.9,1998-99,1.9,7.5,TOR,0.43
2.8,0.424,6.5,0.2,0.341,0.5,3.2,36.0,0.6,5.3,2.9,0.418,7.0,0.8,0.7759999999999999,1.1,80.0,80.0,oaklech01,NBA,30.4,1.5,3.7,6.9,PF,1.3,1999-00,1.9,6.8,TOR,0.43
3.8,0.399,9.4,0.1,0.224,0.6,3.4,37.0,0.6,7.7,3.9,0.388,10.1,1.6,0.836,1.9,78.0,77.0,oaklech01,NBA,35.5,1.8,3.3,9.6,PF,1.0,2000-01,1.8,9.5,TOR,0.395
1.7,0.374,4.5,0.0,0.16699999999999998,0.1,2.0,38.0,0.2,4.8,1.7,0.369,4.6,0.4,0.75,0.5,57.0,36.0,oaklech01,NBA,24.3,1.3,3.1,3.8,PF,0.9,2001-02,1.5,6.0,CHI,0.371
0.5,0.418,1.3,0.0,0.0,0.0,1.0,39.0,0.1,1.7,0.5,0.418,1.3,0.7,0.8240000000000001,0.8,42.0,1.0,oaklech01,NBA,12.2,0.9,2.1,1.8,C,0.3,2002-03,0.5,2.5,WAS,0.418
0.3,0.333,0.9,0.0,0.0,0.0,0.3,40.0,0.0,0.7,0.3,0.333,0.9,0.7,0.833,0.9,7.0,0.0,oaklech01,NBA,3.6,0.0,1.1,1.3,PF,0.0,2003-04,0.1,0.7,HOU,0.333
0.7,0.484,1.5,0.0,0.0,0.0,0.5,30.0,0.2,1.1,0.7,0.473,1.6,0.3,0.556,0.5,59.0,0.0,obertfa01,NBA,8.3,1.0,1.5,1.7,C,0.2,2005-06,0.5,2.1,SAS,0.473
2.0,0.562,3.6,0.0,0.0,0.0,0.9,31.0,0.3,3.0,2.0,0.562,3.6,0.4,0.647,0.6,79.0,33.0,obertfa01,NBA,17.3,1.7,2.7,4.4,PF,0.3,2006-07,0.9,4.7,SAS,0.562
2.2,0.61,3.6,0.0,0.0,0.0,1.2,32.0,0.2,3.4,2.2,0.608,3.6,0.5,0.607,0.7,82.0,64.0,obertfa01,NBA,20.0,1.9,2.5,4.8,PF,0.5,2007-08,0.6,5.2,SAS,0.608
1.1,0.5920000000000001,1.9,0.0,0.0,0.0,1.1,33.0,0.2,1.4,1.1,0.5870000000000001,1.9,0.4,0.5710000000000001,0.6,54.0,11.0,obertfa01,NBA,12.5,1.2,1.8,2.6,C,0.1,2008-09,0.7,2.6,SAS,0.5870000000000001
0.6,0.625,1.0,0.0,0.0,0.0,0.9,34.0,0.2,1.2,0.6,0.625,1.0,0.2,0.765,0.3,57.0,20.0,obertfa01,NBA,11.4,0.6,2.1,1.5,C,0.2,2009-10,0.6,1.8,WAS,0.625
0.6,0.6,1.0,0.0,0.0,0.0,0.0,35.0,0.0,0.8,0.6,0.6,1.0,0.2,0.5,0.4,5.0,0.0,obertfa01,NBA,9.0,0.6,2.0,1.4,C,0.0,2010-11,0.6,1.4,POR,0.6
0.6,0.444,1.4,0.0,0.0,0.0,0.2,23.0,0.0,0.9,0.6,0.444,1.4,0.0,0.0,0.1,19.0,0.0,ochefda01,NBA,3.9,0.3,0.9,1.3,C,0.1,2016-17,0.2,1.2,WAS,0.444
3.2,0.564,5.8,0.0,0.0,0.0,0.5,21.0,1.1,4.2,3.2,0.564,5.8,2.4,0.637,3.7,61.0,39.0,odengr01,NBA,21.5,2.8,3.9,8.9,C,0.4,2008-09,1.4,7.0,POR,0.564
4.4,0.605,7.2,0.0,0.0,0.0,0.9,22.0,2.3,5.4,4.4,0.605,7.2,2.3,0.7659999999999999,3.0,21.0,21.0,odengr01,NBA,23.9,3.0,4.0,11.1,C,0.4,2009-10,1.9,8.5,POR,0.605
0.0,0.0,0.0,0.0,0.0,0.0,0.0,23.0,0.0,0.0,0.0,0.0,0.0,0.0,0.0,0.0,0.0,0.0,odengr01,0,0.0,0.0,0.0,0.0,0,0.0,2010-11,0.0,0.0,Did Not Play,0.0
0.0,0.0,0.0,0.0,0.0,0.0,0.0,24.0,0.0,0.0,0.0,0.0,0.0,0.0,0.0,0.0,0.0,0.0,odengr01,0,0.0,0.0,0.0,0.0,0,0.0,2011-12,0.0,0.0,Did Not Play,0.0
0.0,0.0,0.0,0.0,0.0,0.0,0.0,25.0,0.0,0.0,0.0,0.0,0.0,0.0,0.0,0.0,0.0,0.0,odengr01,0,0.0,0.0,0.0,0.0,0,0.0,2012-13,0.0,0.0,Did Not Play,0.0
1.2,0.551,2.1,0.0,0.0,0.0,0.0,26.0,0.6,1.3,1.2,0.551,2.1,0.6,0.565,1.0,23.0,6.0,odengr01,NBA,9.2,1.0,2.3,2.9,C,0.3,2013-14,0.5,2.3,MIA,0.551
5.1,0.453,11.3,0.8,0.36,2.2,4.2,20.0,1.3,5.7,5.9,0.438,13.5,4.0,0.7190000000000001,5.5,76.0,70.0,odomla01,NBA,36.4,2.1,3.8,16.6,SF,1.2,1999-00,3.4,7.8,LAC,0.467
5.3,0.506,10.4,1.1,0.316,3.3,5.2,21.0,1.6,6.3,6.3,0.46,13.8,3.4,0.679,5.1,76.0,74.0,odomla01,NBA,37.3,1.4,3.1,17.2,PF,1.0,2000-01,3.5,7.8,LAC,0.498
4.7,0.489,9.5,0.6,0.19,2.9,5.9,22.0,1.2,5.0,5.2,0.419,12.4,2.1,0.6559999999999999,3.2,29.0,25.0,odomla01,NBA,34.4,1.1,3.1,13.1,SF,0.8,2001-02,3.3,6.1,LAC,0.442
4.6,0.469,9.8,0.9,0.326,2.6,3.6,23.0,0.8,5.4,5.5,0.439,12.5,2.8,0.777,3.6,49.0,47.0,odomla01,NBA,34.3,1.2,3.7,14.6,SF,0.9,2002-03,2.9,6.7,LAC,0.473
5.3,0.46,11.5,0.8,0.298,2.6,4.1,24.0,0.9,7.7,6.1,0.43,14.1,4.3,0.742,5.7,80.0,80.0,odomla01,NBA,37.5,2.0,3.4,17.1,PF,1.1,2003-04,3.0,9.7,MIA,0.457
5.2,0.502,10.3,0.6,0.308,1.8,3.7,25.0,1.0,8.1,5.7,0.473,12.1,3.2,0.695,4.7,64.0,64.0,odomla01,NBA,36.3,2.1,3.3,15.2,PF,0.7,2004-05,2.5,10.2,LAL,0.496
4.6,0.514,8.9,1.0,0.3720000000000001,2.7,5.5,26.0,0.8,7.0,5.6,0.481,11.6,2.7,0.69,3.9,80.0,80.0,odomla01,NBA,40.3,2.3,3.2,14.8,PF,0.9,2005-06,2.7,9.2,LAL,0.524
4.7,0.531,8.9,1.0,0.297,3.3,4.8,27.0,0.6,7.9,5.7,0.468,12.2,3.5,0.7,5.1,56.0,56.0,odomla01,NBA,39.3,1.8,3.3,15.9,PF,0.9,2006-07,2.9,9.8,LAL,0.508
5.0,0.5660000000000001,8.9,0.4,0.274,1.5,3.5,28.0,0.9,8.1,5.4,0.525,10.3,3.0,0.698,4.3,77.0,77.0,odomla01,NBA,37.9,2.6,2.9,14.2,PF,1.0,2007-08,2.0,10.6,LAL,0.544
4.0,0.522,7.7,0.4,0.32,1.3,2.6,29.0,1.3,5.9,4.4,0.4920000000000001,9.0,2.1,0.623,3.3,78.0,32.0,odomla01,NBA,29.7,2.3,3.0,11.3,PF,1.0,2008-09,1.8,8.2,LAL,0.516
3.5,0.51,6.8,0.7,0.319,2.2,3.3,30.0,0.7,7.5,4.2,0.463,9.0,1.7,0.693,2.5,82.0,38.0,odomla01,NBA,31.5,2.2,2.8,10.8,PF,0.9,2009-10,1.8,9.8,LAL,0.502
4.9,0.5660000000000001,8.7,0.8,0.382,2.2,3.0,31.0,0.7,6.5,5.8,0.53,10.9,2.0,0.675,3.0,82.0,35.0,odomla01,NBA,32.2,2.1,2.4,14.4,PF,0.6,2010-11,1.7,8.7,LAL,0.568
1.9,0.399,4.8,0.6,0.252,2.2,1.7,32.0,0.4,3.4,2.5,0.35200000000000004,7.0,1.2,0.5920000000000001,2.0,50.0,4.0,odomla01,NBA,20.5,0.7,1.9,6.6,SF,0.4,2011-12,1.0,4.2,DAL,0.393
1.6,0.464,3.4,0.2,0.2,1.1,1.7,33.0,0.7,4.4,1.8,0.399,4.5,0.2,0.476,0.5,82.0,2.0,odomla01,NBA,19.7,1.4,2.6,4.0,PF,0.8,2012-13,1.0,5.9,LAC,0.423
0.0,0.0,0.0,0.0,0.0,0.0,0.7,23.0,0.0,0.0,1.7,0.477,3.7,0.6,0.6920000000000001,0.8,47.0,0.0,ogdenbu01,NBA,7.6,0.0,1.3,4.1,SF,0.0,1969-70,0.0,1.8,PHI,0.0
0.0,0.0,0.0,0.0,0.0,0.0,0.6,24.0,0.0,0.0,0.9,0.364,2.4,0.7,0.6920000000000001,1.0,27.0,0.0,ogdenbu01,NBA,4.9,0.0,0.8,2.4,SF,0.0,1970-71,0.0,0.7,PHI,0.0
0.0,0.0,0.0,0.0,0.0,0.0,0.3,23.0,0.0,0.0,0.5,0.239,2.2,0.3,0.667,0.4,32.0,0.0,ogdenra01,NBA,5.1,0.0,0.5,1.3,0,0.0,1970-71,0.0,1.0,SFW,0.0
0.8,0.453,1.7,0.0,0.0,0.1,0.1,23.0,0.9,1.1,0.8,0.436,1.8,0.2,0.6,0.3,31.0,1.0,oggal01,NBA,8.4,0.5,1.7,1.7,C,0.2,1990-91,0.3,1.6,MIA,0.436
1.1,0.5479999999999999,2.0,0.0,0.0,0.0,0.2,24.0,0.7,1.0,1.1,0.5479999999999999,2.0,0.4,0.5329999999999999,0.7,43.0,0.0,oggal01,NBA,8.5,0.7,1.7,2.5,C,0.1,1991-92,0.4,1.7,MIA,0.5479999999999999
0.8,0.385,2.2,0.0,0.0,0.0,0.7,25.0,0.5,1.2,0.8,0.385,2.2,0.5,0.75,0.7,6.0,0.0,oggal01,NBA,4.8,0.5,1.0,2.2,C,0.2,1992-93,0.5,1.7,TOT,0.385
1.0,0.333,3.0,0.0,0.0,0.0,1.3,25.0,1.0,1.7,1.0,0.333,3.0,0.7,1.0,0.7,3.0,0.0,oggal01,NBA,8.7,0.3,2.0,2.7,C,0.3,1992-93,1.0,2.0,MIL,0.333
0.7,0.5,1.3,0.0,0.0,0.0,0.0,25.0,0.0,0.7,0.7,0.5,1.3,0.3,0.5,0.7,3.0,0.0,oggal01,NBA,1.0,0.7,0.0,1.7,C,0.0,1992-93,0.0,1.3,WSB,0.5
0.0,0.0,0.0,0.0,0.0,0.0,3.4,24.0,0.0,0.0,5.4,0.394,13.7,2.5,0.7190000000000001,3.5,79.0,0.0,ohldo01,NBA,27.5,0.0,2.8,13.3,SG,0.0,1960-61,0.0,3.2,DET,0.0
0.0,0.0,0.0,0.0,0.0,0.0,3.2,25.0,0.0,0.0,7.2,0.444,16.2,2.6,0.718,3.6,77.0,0.0,ohldo01,NBA,32.8,0.0,2.2,17.0,SG,0.0,1961-62,0.0,3.5,DET,0.0
0.0,0.0,0.0,0.0,0.0,0.0,4.1,26.0,0.0,0.0,8.0,0.439,18.1,3.4,0.7240000000000001,4.8,80.0,0.0,ohldo01,NBA,37.0,0.0,2.9,19.3,SG,0.0,1962-63,0.0,3.0,DET,0.0
0.0,0.0,0.0,0.0,0.0,0.0,3.2,27.0,0.0,0.0,7.0,0.408,17.2,3.2,0.68,4.7,71.0,0.0,ohldo01,NBA,33.3,0.0,3.1,17.3,SG,0.0,1963-64,0.0,2.5,DET,0.0
0.0,0.0,0.0,0.0,0.0,0.0,3.2,28.0,0.0,0.0,7.4,0.438,16.8,3.7,0.732,5.0,77.0,0.0,ohldo01,NBA,36.6,0.0,3.6,18.4,SG,0.0,1964-65,0.0,4.4,BAL,0.0
0.0,0.0,0.0,0.0,0.0,0.0,4.0,29.0,0.0,0.0,8.1,0.445,18.3,4.3,0.735,5.9,73.0,0.0,ohldo01,NBA,36.2,0.0,2.8,20.6,PG,0.0,1965-66,0.0,3.8,BAL,0.0
0.0,0.0,0.0,0.0,0.0,0.0,2.9,30.0,0.0,0.0,7.8,0.451,17.3,4.8,0.78,6.1,58.0,0.0,ohldo01,NBA,34.9,0.0,2.6,20.3,SG,0.0,1966-67,0.0,3.3,BAL,0.0
0.0,0.0,0.0,0.0,0.0,0.0,2.2,31.0,0.0,0.0,5.6,0.441,12.7,2.8,0.7759999999999999,3.6,70.0,0.0,ohldo01,NBA,27.4,0.0,2.6,14.0,PG,0.0,1967-68,0.0,2.5,TOT,0.0
0.0,0.0,0.0,0.0,0.0,0.0,2.2,31.0,0.0,0.0,5.9,0.433,13.7,2.9,0.77,3.8,39.0,0.0,ohldo01,NBA,28.1,0.0,2.3,14.8,PG,0.0,1967-68,0.0,2.9,BAL,0.0
0.0,0.0,0.0,0.0,0.0,0.0,2.4,31.0,0.0,0.0,5.2,0.454,11.5,2.7,0.7829999999999999,3.4,31.0,0.0,ohldo01,NBA,26.5,0.0,3.0,13.1,PG,0.0,1967-68,0.0,2.0,STL,0.0
0.0,0.0,0.0,0.0,0.0,0.0,2.9,32.0,0.0,0.0,5.1,0.4270000000000001,11.9,1.9,0.7070000000000001,2.7,76.0,0.0,ohldo01,NBA,26.3,0.0,3.1,12.1,SG,0.0,1968-69,0.0,2.2,ATL,0.0
0.0,0.0,0.0,0.0,0.0,0.0,1.5,33.0,0.0,0.0,2.7,0.473,5.6,0.9,0.8059999999999999,1.1,66.0,0.0,ohldo01,NBA,14.9,0.0,1.7,6.2,SG,0.0,1969-70,0.0,1.1,ATL,0.0
0.3,0.333,1.0,0.0,0.0,0.0,0.3,24.0,0.0,0.3,0.3,0.333,1.0,0.3,1.0,0.3,3.0,0.0,ohlbrti01,NBA,4.0,0.0,0.3,1.0,C,0.3,2012-13,1.3,0.3,HOU,0.333
0.3,0.397,0.9,0.5,0.32,1.7,0.3,23.0,0.1,1.7,0.9,0.34600000000000003,2.6,0.3,0.61,0.6,73.0,0.0,ojelese01,NBA,15.8,0.5,1.2,2.7,PF,0.3,2017-18,0.3,2.2,BOS,0.452
6.1,0.447,13.7,0.0,0.0,0.0,0.9,22.0,1.7,7.1,6.1,0.447,13.7,2.9,0.609,4.7,73.0,73.0,okafoem01,NBA,35.6,3.8,2.9,15.1,PF,0.8,2004-05,1.7,10.9,CHA,0.447
5.0,0.415,12.2,0.0,0.0,0.0,1.2,23.0,1.9,6.4,5.0,0.415,12.2,3.2,0.6559999999999999,4.8,26.0,25.0,okafoem01,NBA,33.6,3.6,3.4,13.2,PF,0.8,2005-06,2.0,10.0,CHA,0.415
5.9,0.532,11.0,0.0,0.0,0.0,1.2,24.0,2.6,7.4,5.9,0.532,11.0,2.6,0.593,4.4,67.0,65.0,okafoem01,NBA,34.8,3.9,3.1,14.4,C,0.9,2006-07,1.7,11.3,CHA,0.532
5.6,0.535,10.5,0.0,0.0,0.0,0.9,25.0,1.7,7.6,5.6,0.535,10.5,2.6,0.57,4.6,82.0,82.0,okafoem01,NBA,33.1,3.1,2.9,13.8,C,0.8,2007-08,2.0,10.7,CHA,0.535
5.3,0.561,9.4,0.0,0.0,0.0,0.6,26.0,1.7,6.7,5.3,0.561,9.4,2.7,0.593,4.5,82.0,81.0,okafoem01,NBA,32.8,3.4,3.0,13.2,C,0.6,2008-09,1.8,10.1,CHA,0.561
4.2,0.53,8.0,0.0,0.0,0.0,0.7,27.0,1.5,6.0,4.2,0.53,8.0,1.9,0.562,3.3,82.0,82.0,okafoem01,NBA,28.9,3.1,2.7,10.4,C,0.7,2009-10,1.4,9.0,NOH,0.53
4.2,0.574,7.3,0.0,0.0,0.0,0.6,28.0,1.8,6.3,4.2,0.573,7.3,2.0,0.562,3.6,72.0,72.0,okafoem01,NBA,31.8,3.2,3.2,10.3,C,0.6,2010-11,1.7,9.5,NOH,0.573
4.2,0.5329999999999999,7.9,0.0,0.0,0.0,0.9,29.0,1.0,5.3,4.2,0.5329999999999999,7.9,1.4,0.514,2.7,27.0,27.0,okafoem01,NBA,28.9,2.6,2.7,9.9,C,0.6,2011-12,1.4,7.9,NOH,0.5329999999999999
4.2,0.477,8.7,0.0,0.0,0.0,1.2,30.0,1.0,6.2,4.2,0.477,8.7,1.4,0.5710000000000001,2.4,79.0,77.0,okafoem01,NBA,26.0,2.5,1.8,9.7,C,0.6,2012-13,1.4,8.8,WAS,0.477
0.0,0.0,0.0,0.0,0.0,0.0,0.0,31.0,0.0,0.0,0.0,0.0,0.0,0.0,0.0,0.0,0.0,0.0,okafoem01,0,0.0,0.0,0.0,0.0,0,0.0,2013-14,0.0,0.0,Did Not Play,0.0
0.0,0.0,0.0,0.0,0.0,0.0,0.0,32.0,0.0,0.0,0.0,0.0,0.0,0.0,0.0,0.0,0.0,0.0,okafoem01,0,0.0,0.0,0.0,0.0,0,0.0,2014-15,0.0,0.0,Did Not Play,0.0
0.0,0.0,0.0,0.0,0.0,0.0,0.0,33.0,0.0,0.0,0.0,0.0,0.0,0.0,0.0,0.0,0.0,0.0,okafoem01,0,0.0,0.0,0.0,0.0,0,0.0,2015-16,0.0,0.0,Did Not Play,0.0
0.0,0.0,0.0,0.0,0.0,0.0,0.0,34.0,0.0,0.0,0.0,0.0,0.0,0.0,0.0,0.0,0.0,0.0,okafoem01,0,0.0,0.0,0.0,0.0,0,0.0,2016-17,0.0,0.0,Did Not Play,0.0
1.8,0.505,3.7,0.0,0.0,0.0,0.3,35.0,1.0,2.8,1.8,0.505,3.7,0.7,0.818,0.8,26.0,19.0,okafoem01,NBA,13.6,1.8,1.2,4.4,C,0.3,2017-18,0.5,4.6,NOP,0.505
7.5,0.511,14.6,0.0,0.16699999999999998,0.1,1.2,20.0,1.2,4.7,7.5,0.508,14.7,2.5,0.6859999999999999,3.7,53.0,48.0,okafoja01,NBA,30.0,2.3,2.6,17.5,C,0.4,2015-16,2.3,7.0,PHI,0.509
4.8,0.514,9.4,0.0,0.0,0.0,1.2,21.0,1.0,3.2,4.8,0.514,9.4,2.1,0.6709999999999999,3.2,50.0,33.0,okafoja01,NBA,22.7,1.6,2.4,11.8,C,0.4,2016-17,1.8,4.8,PHI,0.514
2.7,0.5670000000000001,4.8,0.0,0.25,0.1,0.4,22.0,0.6,2.3,2.8,0.5579999999999999,4.9,0.8,0.7240000000000001,1.0,28.0,0.0,okafoja01,NBA,12.6,0.8,1.8,6.3,C,0.1,2017-18,0.8,3.0,TOT,0.562
2.0,0.444,4.5,0.0,0.0,0.0,0.5,22.0,1.0,2.5,2.0,0.444,4.5,1.0,0.5,2.0,2.0,0.0,okafoja01,NBA,12.5,2.0,3.5,5.0,C,0.0,2017-18,1.5,4.5,PHI,0.444
2.8,0.5760000000000001,4.8,0.0,0.25,0.2,0.4,22.0,0.6,2.3,2.8,0.5660000000000001,5.0,0.7,0.76,1.0,26.0,0.0,okafoja01,NBA,12.6,0.7,1.7,6.4,C,0.1,2017-18,0.7,2.9,BRK,0.57
2.0,0.457,4.3,0.5,0.339,1.6,1.0,23.0,0.5,3.0,2.5,0.426,5.9,1.3,0.733,1.8,72.0,9.0,okurme01,NBA,19.0,1.6,2.3,6.9,PF,0.3,2002-03,0.9,4.7,DET,0.47
3.3,0.472,7.0,0.3,0.375,0.7,1.0,24.0,0.9,3.7,3.5,0.463,7.6,2.3,0.775,2.9,71.0,33.0,okurme01,NBA,22.3,2.3,1.9,9.6,PF,0.5,2003-04,1.4,5.9,DET,0.48
4.1,0.486,8.5,0.2,0.27,0.8,2.0,25.0,0.8,5.1,4.3,0.468,9.2,4.0,0.85,4.7,82.0,25.0,okurme01,NBA,28.1,2.4,2.8,12.9,C,0.4,2004-05,1.7,7.5,UTA,0.479
5.4,0.491,10.9,1.0,0.342,2.9,2.4,26.0,0.9,6.5,6.3,0.46,13.8,4.3,0.78,5.5,82.0,82.0,okurme01,NBA,35.9,2.6,3.5,18.0,PF,0.5,2005-06,2.0,9.1,UTA,0.496
4.5,0.498,9.1,1.6,0.384,4.2,2.0,27.0,0.5,5.2,6.1,0.462,13.3,3.7,0.765,4.8,80.0,80.0,okurme01,NBA,33.3,2.0,3.2,17.6,C,0.5,2006-07,1.6,7.2,UTA,0.523
3.6,0.475,7.6,1.6,0.388,4.1,2.0,28.0,0.4,5.9,5.2,0.445,11.7,2.6,0.804,3.2,72.0,72.0,okurme01,NBA,33.2,1.8,3.3,14.5,C,0.8,2007-08,1.4,7.7,UTA,0.512
4.7,0.4970000000000001,9.5,1.3,0.446,2.8,1.7,29.0,0.7,6.0,6.0,0.485,12.3,3.8,0.8170000000000001,4.6,72.0,72.0,okurme01,NBA,33.5,1.7,3.0,17.0,C,0.8,2008-09,1.8,7.7,UTA,0.536
3.7,0.486,7.7,1.1,0.385,2.9,1.6,30.0,1.1,5.2,4.9,0.458,10.6,2.7,0.82,3.3,73.0,73.0,okurme01,NBA,29.4,1.8,3.1,13.5,C,0.5,2009-10,1.7,7.1,UTA,0.511
1.3,0.37,3.5,0.4,0.313,1.2,1.5,31.0,0.3,1.6,1.7,0.355,4.8,1.2,0.75,1.5,13.0,0.0,okurme01,NBA,12.9,0.7,1.4,4.9,C,0.3,2010-11,0.5,2.3,UTA,0.395
1.7,0.433,3.9,1.4,0.319,4.2,1.8,32.0,0.3,3.5,3.1,0.374,8.2,0.2,0.6,0.3,17.0,14.0,okurme01,NBA,26.7,1.3,2.6,7.6,C,0.5,2011-12,1.5,4.8,NJN,0.457
4.0,0.448,8.9,0.9,0.327,2.8,4.1,21.0,0.5,3.6,4.9,0.419,11.7,3.1,0.78,4.0,80.0,44.0,oladivi01,NBA,31.1,0.5,2.6,13.8,PG,1.6,2013-14,3.2,4.1,ORL,0.458
5.4,0.464,11.6,1.2,0.339,3.4,4.1,22.0,0.3,3.5,6.6,0.436,15.1,3.6,0.8190000000000001,4.4,72.0,71.0,oladivi01,NBA,35.7,0.7,2.6,17.9,SG,1.7,2014-15,2.8,4.2,ORL,0.474
4.5,0.475,9.6,1.4,0.348,3.9,3.9,23.0,0.8,4.1,5.9,0.438,13.5,2.8,0.83,3.4,72.0,52.0,oladivi01,NBA,33.0,0.7,2.4,16.0,SG,1.6,2015-16,2.1,4.8,ORL,0.489
4.3,0.491,8.7,1.9,0.361,5.3,2.6,24.0,0.3,3.8,6.1,0.442,13.9,1.7,0.753,2.3,67.0,67.0,oladivi01,NBA,33.2,0.6,2.3,15.9,SG,1.2,2016-17,1.8,4.3,OKC,0.51
6.4,0.528,12.1,2.1,0.371,5.8,4.3,25.0,0.8,4.6,8.5,0.477,17.9,3.9,0.799,4.9,75.0,75.0,oladivi01,NBA,34.0,0.6,2.3,23.1,SG,2.4,2017-18,2.9,5.2,IND,0.537
8.3,0.5379999999999999,15.3,0.0,0.0,0.0,1.4,22.0,2.7,6.5,8.3,0.5379999999999999,15.3,4.1,0.613,6.7,82.0,82.0,olajuha01,NBA,35.5,5.4,4.2,20.6,C,1.2,1984-85,2.9,11.9,HOU,0.5379999999999999
9.2,0.526,17.5,0.0,0.0,0.0,2.0,23.0,3.4,6.6,9.2,0.526,17.5,5.1,0.645,7.9,68.0,68.0,olajuha01,NBA,36.3,4.9,4.0,23.5,C,2.0,1985-86,2.9,11.5,HOU,0.526
9.0,0.509,17.7,0.0,0.2,0.1,2.9,24.0,3.4,7.2,9.0,0.508,17.8,5.3,0.7020000000000001,7.6,75.0,75.0,olajuha01,NBA,36.8,4.2,3.9,23.4,C,1.9,1986-87,3.0,11.4,HOU,0.509
9.0,0.516,17.5,0.0,0.0,0.1,2.1,25.0,2.7,8.3,9.0,0.514,17.5,4.8,0.695,6.9,79.0,79.0,olajuha01,NBA,35.8,3.8,4.1,22.8,C,2.1,1987-88,3.1,12.1,HOU,0.514
9.6,0.511,18.9,0.0,0.0,0.1,1.8,26.0,3.4,9.4,9.6,0.508,19.0,5.5,0.696,8.0,82.0,82.0,olajuha01,NBA,36.9,4.1,4.0,24.8,C,2.6,1988-89,3.4,13.5,HOU,0.508
9.8,0.502,19.5,0.0,0.16699999999999998,0.1,2.9,27.0,4.6,10.4,9.8,0.501,19.6,4.7,0.713,6.5,82.0,82.0,olajuha01,NBA,38.1,3.6,3.8,24.3,C,2.1,1989-90,3.9,14.0,HOU,0.501
8.7,0.51,17.1,0.0,0.0,0.1,2.3,28.0,3.9,9.8,8.7,0.508,17.1,3.8,0.769,4.9,56.0,50.0,olajuha01,NBA,36.8,3.9,3.9,21.2,C,2.2,1990-91,3.1,13.8,HOU,0.508
8.4,0.503,16.8,0.0,0.0,0.0,2.2,29.0,4.3,8.6,8.4,0.502,16.8,4.7,0.7659999999999999,6.1,70.0,69.0,olajuha01,NBA,37.7,3.5,3.8,21.6,C,1.8,1991-92,2.7,12.1,HOU,0.502
10.3,0.532,19.5,0.0,0.0,0.1,3.5,30.0,4.2,9.6,10.3,0.529,19.5,5.4,0.779,7.0,82.0,82.0,olajuha01,NBA,39.5,3.5,3.7,26.1,C,1.8,1992-93,3.2,13.0,HOU,0.529
11.1,0.529,20.9,0.1,0.421,0.2,3.6,31.0,3.7,9.1,11.2,0.528,21.2,4.9,0.716,6.8,80.0,80.0,olajuha01,NBA,41.0,2.9,3.6,27.3,C,1.6,1993-94,3.4,11.9,HOU,0.53
11.0,0.52,21.2,0.0,0.188,0.2,3.5,32.0,3.4,8.4,11.1,0.517,21.5,5.6,0.7559999999999999,7.5,72.0,72.0,olajuha01,NBA,39.6,2.4,3.5,27.8,C,1.8,1994-95,3.3,10.8,HOU,0.517
10.6,0.517,20.6,0.0,0.214,0.2,3.6,33.0,2.9,8.4,10.7,0.514,20.8,5.5,0.7240000000000001,7.6,72.0,72.0,olajuha01,NBA,38.8,2.4,3.4,26.9,C,1.6,1995-96,3.4,10.9,HOU,0.515
9.3,0.512,18.1,0.1,0.313,0.2,3.0,34.0,2.2,7.0,9.3,0.51,18.3,4.5,0.787,5.7,78.0,78.0,olajuha01,NBA,36.6,2.2,3.2,23.2,C,1.5,1996-97,3.6,9.2,HOU,0.512
6.5,0.486,13.4,0.0,0.0,0.1,3.0,35.0,2.0,7.3,6.5,0.483,13.5,3.4,0.755,4.5,47.0,45.0,olajuha01,NBA,34.7,2.5,3.2,16.4,C,1.8,1997-98,2.7,9.8,HOU,0.483
7.4,0.518,14.2,0.1,0.308,0.3,1.8,36.0,2.5,7.4,7.5,0.514,14.5,3.9,0.7170000000000001,5.4,50.0,50.0,olajuha01,NBA,35.7,2.1,3.2,18.9,C,1.6,1998-99,2.8,9.6,HOU,0.517
4.4,0.461,9.5,0.0,0.0,0.0,1.4,37.0,1.6,4.8,4.4,0.458,9.6,1.6,0.616,2.5,44.0,28.0,olajuha01,NBA,23.8,1.5,2.0,10.3,C,0.9,1999-00,1.7,6.2,HOU,0.458
4.9,0.499,9.8,0.0,0.0,0.0,1.2,38.0,1.5,5.3,4.9,0.498,9.8,2.1,0.621,3.4,58.0,55.0,olajuha01,NBA,26.6,2.1,2.4,11.9,C,1.2,2000-01,1.4,7.4,HOU,0.498
3.2,0.466,6.8,0.0,0.0,0.0,1.1,39.0,1.5,4.4,3.2,0.464,6.9,0.8,0.56,1.4,61.0,37.0,olajuha01,NBA,22.6,1.6,2.4,7.1,C,1.2,2001-02,1.6,6.0,TOR,0.464
3.7,0.498,7.5,0.0,0.0,0.0,1.8,19.0,0.5,4.3,3.7,0.498,7.5,2.4,0.773,3.0,81.0,0.0,olberma01,ABA,25.4,2.3,3.1,9.8,PF-SF,0.6,1975-76,1.7,6.5,TOT,0.498
6.3,0.479,13.1,0.0,0.0,0.0,1.6,19.0,0.6,6.4,6.3,0.479,13.1,2.7,0.698,3.9,11.0,0.0,olberma01,ABA,39.5,3.2,4.7,15.3,SF,0.9,1975-76,2.5,9.5,SDS,0.479
3.3,0.503,6.6,0.0,0.0,0.0,1.8,19.0,0.4,3.9,3.3,0.503,6.6,2.3,0.789,2.9,70.0,0.0,olberma01,ABA,23.2,2.1,2.8,9.0,PF,0.6,1975-76,1.6,6.1,SAA,0.503
3.7,0.503,7.3,0.0,0.0,0.0,1.5,20.0,0.4,3.5,3.7,0.503,7.3,3.1,0.794,3.9,82.0,0.0,olberma01,NBA,23.8,2.0,3.4,10.4,PF,0.7,1976-77,0.0,5.5,SAS,0.503
2.9,0.481,6.1,0.0,0.0,0.0,1.7,21.0,0.3,3.4,2.9,0.481,6.1,2.3,0.8109999999999999,2.9,79.0,0.0,olberma01,NBA,22.4,1.3,3.0,8.2,PF,0.6,1977-78,1.5,4.7,SAS,0.481
3.3,0.474,6.9,0.0,0.0,0.0,2.6,22.0,0.2,4.2,3.3,0.474,6.9,2.9,0.8029999999999999,3.6,80.0,0.0,olberma01,NBA,23.6,1.2,3.5,9.4,PF,0.7,1978-79,2.0,5.4,SAS,0.474
3.9,0.48,8.1,0.0,0.0,0.0,4.4,23.0,0.3,4.5,3.9,0.478,8.1,2.8,0.795,3.5,75.0,0.0,olberma01,NBA,28.1,1.1,3.7,10.6,SF,0.9,1979-80,2.4,5.6,SAS,0.478
4.2,0.512,8.3,0.0,0.14300000000000002,0.1,3.4,24.0,0.4,4.0,4.2,0.508,8.4,3.8,0.8290000000000001,4.6,82.0,0.0,olberma01,NBA,29.4,1.8,3.7,12.3,SF,0.9,1980-81,2.5,5.7,SAS,0.509
4.9,0.478,10.2,0.0,0.16699999999999998,0.2,3.0,25.0,0.4,4.7,4.9,0.472,10.4,4.0,0.8079999999999999,5.0,68.0,63.0,olberma01,NBA,30.9,1.7,3.7,13.8,PF,0.8,1981-82,2.0,6.5,SAS,0.474
3.1,0.488,6.4,0.0,0.16699999999999998,0.2,1.6,26.0,0.1,3.1,3.1,0.481,6.5,2.4,0.782,3.1,80.0,31.0,olberma01,NBA,22.7,1.4,3.1,8.7,PF,0.6,1982-83,1.9,4.5,CHI,0.483
3.1,0.495,6.2,0.0,0.0,0.0,2.4,27.0,0.3,4.0,3.1,0.494,6.2,3.2,0.821,3.9,81.0,81.0,olberma01,NBA,26.7,1.5,3.6,9.4,PF,0.6,1983-84,2.0,5.5,KCK,0.494
3.3,0.505,6.5,0.0,0.0,0.0,3.0,28.0,0.1,4.6,3.3,0.502,6.5,3.6,0.8320000000000001,4.3,81.0,62.0,olberma01,NBA,28.1,1.7,3.7,10.2,PF,0.7,1984-85,2.3,6.3,KCK,0.502
2.8,0.561,5.0,0.0,0.0,0.0,3.3,29.0,0.3,3.8,2.8,0.5579999999999999,5.0,2.0,0.7709999999999999,2.6,81.0,64.0,olberma01,NBA,26.6,1.4,3.4,7.6,PF,0.5,1985-86,1.8,5.2,SAC,0.5579999999999999
0.9,0.421,2.2,0.0,0.0,0.0,1.2,30.0,0.1,1.8,0.9,0.418,2.2,1.5,0.885,1.7,76.0,0.0,olberma01,NBA,13.2,0.7,1.9,3.3,PF,0.2,1986-87,0.7,2.4,SAC,0.418
0.5,0.333,1.5,0.0,0.0,0.0,0.0,23.0,0.5,0.5,0.5,0.333,1.5,0.0,0.0,0.0,4.0,0.0,oldhaja01,NBA,5.3,0.8,0.8,1.0,C,0.0,1980-81,0.5,1.3,DEN,0.333
0.6,0.361,1.6,0.0,0.0,0.0,0.1,24.0,0.5,0.8,0.6,0.361,1.6,0.4,0.5710000000000001,0.6,22.0,0.0,oldhaja01,NBA,5.6,0.3,1.3,1.5,C,0.1,1981-82,0.3,1.1,HOU,0.361
1.9,0.534,3.6,0.0,0.0,0.0,0.3,25.0,0.8,1.8,1.9,0.534,3.6,0.8,0.545,1.4,16.0,0.0,oldhaja01,NBA,10.7,1.1,1.9,4.6,C,0.3,1982-83,0.8,2.9,CHI,0.534
1.7,0.505,3.4,0.0,0.0,0.0,0.5,26.0,1.2,2.5,1.7,0.505,3.4,0.6,0.591,1.0,64.0,0.0,oldhaja01,NBA,13.6,1.2,2.2,4.0,C,0.2,1983-84,1.3,3.6,CHI,0.505
1.4,0.466,3.0,0.0,0.0,0.0,0.5,27.0,2.0,2.5,1.4,0.464,3.0,0.5,0.68,0.8,63.0,0.0,oldhaja01,NBA,15.8,1.3,2.6,3.4,C,0.2,1984-85,0.9,3.7,CHI,0.464
3.2,0.519,6.2,0.0,0.0,0.0,0.7,28.0,2.6,3.7,3.2,0.517,6.2,1.0,0.5820000000000001,1.8,52.0,47.0,oldhaja01,NBA,24.5,2.2,4.0,7.4,C,0.5,1985-86,1.7,5.9,CHI,0.517
1.6,0.41,3.9,0.0,0.0,0.0,0.4,29.0,1.6,2.9,1.6,0.408,4.0,0.7,0.544,1.3,44.0,9.0,oldhaja01,NBA,17.6,1.2,2.2,3.9,C,0.5,1986-87,1.1,4.1,NYK,0.408
2.2,0.476,4.6,0.0,0.0,0.0,0.6,30.0,2.0,4.1,2.2,0.476,4.6,1.1,0.6779999999999999,1.6,54.0,13.0,oldhaja01,NBA,17.5,1.5,2.6,5.5,C,0.2,1987-88,1.1,5.6,SAC,0.476
0.0,0.0,0.0,0.0,0.0,0.0,0.0,31.0,0.0,0.0,0.0,0.0,0.0,0.0,0.0,0.0,0.0,0.0,oldhaja01,0,0.0,0.0,0.0,0.0,0,0.0,1988-89,0.0,0.0,Did Not PlayÂ (injury),0.0
0.5,0.5,1.0,0.0,0.0,0.0,0.2,32.0,0.5,2.0,0.5,0.5,1.0,0.5,0.429,1.2,6.0,0.0,oldhaja01,NBA,7.5,0.7,1.5,1.5,C,0.3,1989-90,0.7,2.7,TOT,0.5
0.3,0.333,1.0,0.0,0.0,0.0,0.0,32.0,1.0,3.7,0.3,0.333,1.0,0.7,0.4,1.7,3.0,0.0,oldhaja01,NBA,12.0,1.3,2.0,1.3,C,0.7,1989-90,1.0,5.0,ORL,0.333
0.7,0.667,1.0,0.0,0.0,0.0,0.3,32.0,0.0,0.3,0.7,0.667,1.0,0.3,0.5,0.7,3.0,0.0,oldhaja01,NBA,3.0,0.0,1.0,1.7,C,0.0,1989-90,0.3,0.3,LAL,0.667
0.8,0.5,1.5,0.0,0.0,0.0,0.0,33.0,0.0,0.8,0.8,0.5,1.5,0.0,0.0,0.0,4.0,0.0,oldhaja01,NBA,4.8,0.0,0.3,1.5,C,0.0,1990-91,0.0,0.8,IND,0.5
0.0,0.0,0.0,0.0,0.0,0.0,1.7,26.0,0.0,0.0,2.2,0.298,7.2,1.7,0.71,2.5,59.0,0.0,oldhajo01,NBA,0.0,0.0,3.3,6.1,0,0.0,1949-50,0.0,0.0,FTW,0.0
0.0,0.0,0.0,0.0,0.0,0.0,1.9,27.0,0.0,0.0,2.9,0.333,8.8,2.5,0.586,4.3,68.0,0.0,oldhajo01,NBA,0.0,0.0,3.6,8.4,0,0.0,1950-51,0.0,3.6,FTW,0.0
0.0,0.0,0.0,0.0,0.0,0.0,1.0,20.0,0.1,0.7,2.4,0.402,6.1,1.0,0.688,1.5,52.0,0.0,oleynfr01,NBA,12.5,0.2,1.2,5.9,SG,0.4,1975-76,0.0,0.9,SEA,0.0
0.0,0.0,0.0,0.0,0.0,0.0,1.2,21.0,0.1,0.6,1.6,0.363,4.5,0.8,0.736,1.1,50.0,0.0,oleynfr01,NBA,10.3,0.3,1.0,4.0,PG,0.3,1976-77,0.0,0.9,SEA,0.0
0.4,0.325,1.2,0.0,0.0,0.0,0.1,23.0,0.0,0.5,0.4,0.325,1.2,0.5,0.7829999999999999,0.7,34.0,0.0,olivejo01,NBA,5.6,0.1,0.9,1.3,SF,0.1,1978-79,0.4,0.6,SDC,0.325
0.0,0.0,2.0,0.0,0.0,0.0,0.0,24.0,0.0,1.0,0.0,0.0,2.0,0.0,0.0,0.0,1.0,0.0,olivejo01,NBA,15.0,0.0,2.0,0.0,SF,0.0,1979-80,2.0,1.0,SDC,0.0
1.5,0.417,3.5,0.1,0.278,0.2,1.2,22.0,0.1,0.8,1.5,0.408,3.7,0.7,0.732,1.0,73.0,4.0,olivebr01,NBA,11.0,0.2,1.0,3.8,SG,0.5,1990-91,0.7,1.1,PHI,0.417
1.0,0.344,2.8,0.0,0.0,0.1,0.6,23.0,0.1,0.6,1.0,0.33,2.9,0.4,0.682,0.6,34.0,0.0,olivebr01,NBA,8.2,0.3,1.0,2.4,SG,0.3,1991-92,0.7,0.9,PHI,0.33
0.0,0.0,0.0,0.0,0.0,0.0,0.0,24.0,0.0,0.0,0.0,0.0,0.0,0.0,0.0,0.0,0.0,0.0,olivebr01,0,0.0,0.0,0.0,0.0,0,0.0,1992-93,0.0,0.0,Did Not PlayÂ (other pro leagueâCBA),0.0
0.0,0.0,0.0,0.0,0.0,0.0,0.0,25.0,0.0,0.0,0.0,0.0,0.0,0.0,0.0,0.0,0.0,0.0,olivebr01,0,0.0,0.0,0.0,0.0,0,0.0,1993-94,0.0,0.0,Did Not PlayÂ (other pro leagueâCBA),0.0
0.7,0.444,1.5,0.0,0.0,0.0,0.7,26.0,0.0,0.7,0.7,0.444,1.5,1.0,0.75,1.3,6.0,0.0,olivebr01,NBA,7.0,0.0,1.3,2.3,SG,0.0,1994-95,0.5,0.7,WSB,0.444
0.0,0.0,0.0,0.0,0.0,0.0,0.0,27.0,0.0,0.0,0.0,0.0,0.0,0.0,0.0,0.0,0.0,0.0,olivebr01,0,0.0,0.0,0.0,0.0,0,0.0,1995-96,0.0,0.0,Did Not PlayÂ (other pro leagueâItaly),0.0
0.0,0.0,0.0,0.0,0.0,0.0,0.0,28.0,0.0,0.0,0.0,0.0,0.0,0.0,0.0,0.0,0.0,0.0,olivebr01,0,0.0,0.0,0.0,0.0,0,0.0,1996-97,0.0,0.0,Did Not PlayÂ (other pro leagueâItaly),0.0
1.4,0.368,3.8,0.0,0.0,0.0,0.4,29.0,0.0,1.2,1.4,0.368,3.8,0.2,0.25,0.8,5.0,0.0,olivebr01,NBA,12.2,0.6,0.8,3.0,SG,0.2,1997-98,0.2,1.8,ATL,0.368
0.8,0.455,1.7,0.1,0.154,0.7,1.1,23.0,0.0,0.4,0.9,0.37,2.3,0.3,0.667,0.5,20.0,0.0,olivede01,NBA,7.0,0.0,0.8,2.1,PG,0.2,2001-02,0.6,0.4,GSW,0.391
0.4,0.261,1.5,0.1,0.16699999999999998,0.4,1.5,24.0,0.0,0.5,0.5,0.241,1.9,0.5,0.875,0.5,15.0,0.0,olivede01,NBA,6.2,0.5,0.6,1.5,PG,0.5,2002-03,0.7,1.1,GSW,0.259
1.4,0.4270000000000001,3.3,0.0,0.111,0.3,0.7,22.0,0.1,0.7,1.4,0.398,3.6,0.6,0.773,0.8,27.0,8.0,oliveji01,NBA,9.3,0.3,0.8,3.6,SG,0.3,1991-92,0.3,1.0,CLE,0.403
0.0,0.0,0.0,0.0,0.0,0.0,0.0,23.0,0.0,0.0,0.0,0.0,0.0,0.0,0.0,0.0,0.0,0.0,oliveji01,0,0.0,0.0,0.0,0.0,0,0.0,1992-93,0.0,0.0,"Did Not PlayÂ (other pro leagueâCBA, Spain)",0.0
1.7,0.418,4.1,0.3,0.406,0.7,0.8,24.0,0.0,0.9,2.0,0.416,4.9,0.6,0.758,0.8,44.0,6.0,oliveji01,NBA,12.3,0.2,0.9,4.9,SG,0.4,1993-94,0.5,1.0,BOS,0.446
0.0,0.0,0.0,0.0,0.0,0.0,0.0,25.0,0.0,0.0,0.0,0.0,0.0,0.0,0.0,0.0,0.0,0.0,oliveji01,0,0.0,0.0,0.0,0.0,0,0.0,1994-95,0.0,0.0,Did Not PlayÂ (other pro leagueâSpain),0.0
0.0,0.0,0.0,0.0,0.0,0.0,0.0,26.0,0.0,0.0,0.0,0.0,0.0,0.0,0.0,0.0,0.0,0.0,oliveji01,0,0.0,0.0,0.0,0.0,0,0.0,1995-96,0.0,0.0,Did Not PlayÂ (other pro leagueâCBA),0.0
0.8,0.429,1.8,0.3,0.16699999999999998,1.5,0.3,27.0,0.0,1.0,1.0,0.308,3.3,0.5,1.0,0.5,4.0,0.0,oliveji01,NBA,10.8,0.3,0.5,2.8,SG,0.5,1996-97,0.8,1.3,TOR,0.34600000000000003
1.0,0.5,2.0,1.0,0.5,2.0,1.0,28.0,0.0,2.0,2.0,0.5,4.0,0.0,0.0,0.0,1.0,0.0,oliveji01,NBA,10.0,0.0,1.0,5.0,SG,0.0,1997-98,0.0,2.0,WAS,0.625
0.0,0.0,1.0,0.5,1.0,0.5,0.0,29.0,0.0,0.0,0.5,0.333,1.5,0.0,0.0,0.0,2.0,0.0,oliveji01,NBA,5.5,0.0,1.0,1.5,SG,0.0,1998-99,0.0,0.0,PHO,0.5
1.1,0.381,2.8,0.0,0.0,0.0,1.9,25.0,0.0,0.9,1.1,0.378,2.8,1.4,0.7,2.0,35.0,0.0,ollieke01,NBA,12.3,0.3,0.9,3.5,PG,0.4,1997-98,1.3,1.1,TOT,0.378
0.9,0.333,2.6,0.0,0.0,0.0,2.0,25.0,0.0,0.9,0.9,0.333,2.6,1.1,0.72,1.6,16.0,0.0,ollieke01,NBA,13.4,0.4,1.0,2.9,PG,0.4,1997-98,1.0,1.3,DAL,0.333
1.2,0.418,2.9,0.0,0.0,0.1,1.7,25.0,0.0,0.8,1.2,0.411,2.9,1.6,0.6890000000000001,2.4,19.0,0.0,ollieke01,NBA,11.4,0.2,0.8,4.1,PG,0.4,1997-98,1.5,0.9,ORL,0.411
0.5,0.28600000000000003,1.8,0.0,0.0,0.0,0.4,26.0,0.1,0.9,0.5,0.28600000000000003,1.8,0.6,0.7140000000000001,0.9,8.0,0.0,ollieke01,NBA,9.0,0.0,1.1,1.6,PG,0.4,1998-99,0.4,0.9,TOT,0.28600000000000003
0.6,0.308,1.9,0.0,0.0,0.0,0.4,26.0,0.1,0.9,0.6,0.308,1.9,0.6,0.8,0.7,7.0,0.0,ollieke01,NBA,9.7,0.0,1.1,1.7,PG,0.4,1998-99,0.4,0.9,SAC,0.308
0.0,0.0,1.0,0.0,0.0,0.0,0.0,26.0,0.0,1.0,0.0,0.0,1.0,1.0,0.5,2.0,1.0,0.0,ollieke01,NBA,4.0,0.0,1.0,1.0,PG,0.0,1998-99,0.0,1.0,ORL,0.0
0.6,0.449,1.2,0.0,0.0,0.0,1.2,27.0,0.0,0.7,0.6,0.449,1.2,0.7,0.757,0.9,40.0,0.0,ollieke01,NBA,7.3,0.1,0.7,1.8,PG,0.3,1999-00,0.3,0.8,PHI,0.449
1.1,0.397,2.7,0.0,0.333,0.0,2.1,28.0,0.0,1.1,1.1,0.396,2.7,0.9,0.708,1.3,70.0,4.0,ollieke01,NBA,13.2,0.2,1.2,3.1,PG,0.4,2000-01,0.7,1.4,TOT,0.398
0.3,0.185,1.4,0.0,0.0,0.0,1.3,28.0,0.0,1.1,0.3,0.185,1.4,0.6,0.632,1.0,19.0,0.0,ollieke01,NBA,8.5,0.2,0.7,1.2,PG,0.3,2000-01,0.5,1.2,NJN,0.185
1.4,0.4320000000000001,3.2,0.0,0.333,0.1,2.4,28.0,0.0,1.2,1.4,0.43,3.2,1.0,0.7290000000000001,1.4,51.0,4.0,ollieke01,NBA,15.0,0.3,1.4,3.8,PG,0.5,2000-01,0.8,1.4,PHI,0.433
1.7,0.387,4.3,0.0,0.5,0.0,3.6,29.0,0.0,2.0,1.7,0.388,4.4,2.3,0.8240000000000001,2.8,81.0,17.0,ollieke01,NBA,21.3,0.3,1.2,5.7,PG,0.8,2001-02,1.3,2.3,TOT,0.39
1.8,0.382,4.8,0.0,0.5,0.0,3.7,29.0,0.0,2.1,1.9,0.383,4.9,2.1,0.838,2.5,52.0,17.0,ollieke01,NBA,22.0,0.3,1.2,5.8,PG,0.7,2001-02,1.5,2.5,CHI,0.385
1.4,0.4,3.4,0.0,0.0,0.0,3.4,29.0,0.0,1.7,1.4,0.4,3.4,2.7,0.804,3.3,29.0,0.0,ollieke01,NBA,19.9,0.2,1.1,5.4,PG,0.9,2001-02,0.9,1.9,IND,0.4
2.4,0.453,5.3,0.0,0.333,0.1,3.5,30.0,0.1,1.9,2.4,0.451,5.4,1.6,0.753,2.2,82.0,5.0,ollieke01,NBA,23.1,0.3,1.5,6.5,PG,0.8,2002-03,0.9,2.2,TOT,0.454
2.2,0.464,4.7,0.0,0.2,0.1,3.4,30.0,0.1,1.6,2.2,0.459,4.8,1.3,0.747,1.7,53.0,4.0,ollieke01,NBA,21.3,0.2,1.3,5.7,PG,0.7,2002-03,0.7,1.9,MIL,0.461
2.8,0.438,6.4,0.0,1.0,0.0,3.8,30.0,0.0,2.4,2.8,0.441,6.4,2.3,0.759,3.0,29.0,1.0,ollieke01,NBA,26.6,0.4,1.8,8.0,PG,1.1,2002-03,1.2,2.9,SEA,0.444
1.1,0.3670000000000001,3.0,0.0,0.444,0.1,2.9,31.0,0.1,1.8,1.2,0.37,3.1,1.8,0.835,2.1,82.0,7.0,ollieke01,NBA,17.1,0.3,1.5,4.2,PG,0.6,2003-04,1.0,2.1,CLE,0.377
0.4,0.355,1.2,0.0,0.0,0.0,0.7,32.0,0.0,0.6,0.4,0.355,1.2,0.2,0.667,0.3,26.0,0.0,ollieke01,NBA,6.1,0.1,0.6,1.1,PG,0.2,2004-05,0.2,0.7,PHI,0.355
1.1,0.433,2.4,0.0,0.333,0.0,1.4,33.0,0.0,1.2,1.1,0.431,2.5,0.6,0.8370000000000001,0.7,70.0,23.0,ollieke01,NBA,15.3,0.2,1.5,2.7,SG,0.5,2005-06,0.4,1.4,PHI,0.434
1.5,0.438,3.5,0.0,0.0,0.0,2.5,34.0,0.0,1.2,1.5,0.433,3.5,0.7,0.8220000000000001,0.8,53.0,23.0,ollieke01,NBA,17.3,0.2,1.4,3.8,PG,0.4,2006-07,0.9,1.4,PHI,0.433
0.7,0.426,1.7,0.0,0.0,0.0,1.0,35.0,0.0,0.4,0.7,0.42,1.7,0.3,0.8,0.4,40.0,0.0,ollieke01,NBA,7.5,0.1,0.7,1.8,SG,0.3,2007-08,0.1,0.5,PHI,0.42
1.2,0.409,3.0,0.0,0.0,0.0,2.3,36.0,0.1,1.2,1.2,0.407,3.0,1.6,0.833,1.9,50.0,21.0,ollieke01,NBA,17.0,0.3,1.6,4.0,PG,0.4,2008-09,0.7,1.5,MIN,0.407
0.7,0.409,1.8,0.0,0.0,0.0,0.8,37.0,0.0,0.9,0.7,0.4,1.8,0.3,1.0,0.3,25.0,0.0,ollieke01,NBA,10.5,0.1,0.6,1.8,PG,0.4,2009-10,0.2,1.0,OKC,0.4
0.0,0.0,0.0,0.0,0.0,0.0,1.7,27.0,0.0,0.0,1.2,0.236,5.1,0.7,0.7140000000000001,1.0,14.0,0.0,ollrige01,NBA,0.0,0.0,2.4,3.1,0,0.0,1949-50,0.0,0.0,WAT,0.0
3.8,0.431,8.9,0.0,0.0,0.0,0.6,23.0,1.2,5.3,3.8,0.431,8.9,1.3,0.483,2.6,45.0,36.0,olowomi01,NBA,28.4,2.7,3.0,8.9,C,0.6,1998-99,1.9,7.9,LAC,0.431
4.1,0.4370000000000001,9.5,0.0,0.0,0.0,0.5,24.0,1.8,5.8,4.1,0.4370000000000001,9.5,1.5,0.6509999999999999,2.4,80.0,77.0,olowomi01,NBA,31.2,2.4,3.8,9.8,C,0.4,1999-00,2.2,8.2,LAC,0.4370000000000001
3.8,0.435,8.6,0.0,0.0,0.0,0.6,25.0,1.3,4.4,3.8,0.435,8.6,1.0,0.545,1.9,82.0,82.0,olowomi01,NBA,25.9,2.0,3.0,8.5,C,0.4,2000-01,2.1,6.4,LAC,0.435
4.8,0.433,11.1,0.0,0.0,0.0,1.1,26.0,1.8,6.8,4.8,0.433,11.1,1.5,0.622,2.4,80.0,79.0,olowomi01,NBA,32.1,2.1,2.7,11.1,C,0.7,2001-02,2.2,8.9,LAC,0.433
5.2,0.4270000000000001,12.1,0.0,0.0,0.0,1.3,27.0,2.2,7.5,5.2,0.4270000000000001,12.1,1.9,0.657,2.9,36.0,36.0,olowomi01,NBA,38.0,1.6,3.1,12.3,C,0.5,2002-03,2.7,9.1,LAC,0.4270000000000001
2.8,0.425,6.6,0.0,0.0,0.0,0.6,28.0,1.6,3.9,2.8,0.425,6.6,0.8,0.59,1.4,43.0,25.0,olowomi01,NBA,21.5,1.8,3.2,6.5,C,0.4,2003-04,1.3,5.7,MIN,0.425
2.6,0.456,5.7,0.0,0.0,0.0,0.5,29.0,0.9,3.5,2.6,0.456,5.7,0.7,0.667,1.1,62.0,34.0,olowomi01,NBA,19.6,1.7,3.1,5.9,C,0.2,2004-05,1.1,5.2,MIN,0.456
2.2,0.446,5.0,0.0,0.0,0.0,0.5,30.0,0.7,3.5,2.2,0.446,5.0,0.5,0.511,1.0,48.0,24.0,olowomi01,NBA,19.1,1.0,2.5,5.0,C,0.5,2005-06,1.1,4.6,TOT,0.446
2.7,0.446,6.1,0.0,0.0,0.0,0.5,30.0,0.8,4.2,2.7,0.446,6.1,0.6,0.487,1.2,32.0,24.0,olowomi01,NBA,23.5,1.4,3.1,6.0,C,0.6,2005-06,1.3,5.6,MIN,0.446
1.3,0.444,2.8,0.0,0.0,0.0,0.4,30.0,0.4,2.3,1.3,0.444,2.8,0.3,0.625,0.5,16.0,0.0,olowomi01,NBA,10.4,0.3,1.4,2.8,C,0.2,2005-06,0.9,2.6,BOS,0.444
0.8,0.413,1.9,0.0,0.0,0.0,0.2,31.0,0.5,1.4,0.8,0.413,1.9,0.1,0.667,0.1,24.0,0.0,olowomi01,NBA,9.8,0.6,2.0,1.7,C,0.3,2006-07,0.7,2.0,BOS,0.413
0.8,0.32299999999999995,2.6,0.0,0.0,0.0,0.8,22.0,0.0,0.0,0.8,0.32299999999999995,2.6,0.5,0.6920000000000001,0.8,52.0,0.0,olsenbu01,NBA,7.2,0.0,1.5,2.2,PF,0.0,1962-63,0.0,2.0,CIN,0.32299999999999995
1.7,0.405,4.3,0.0,0.0,0.0,0.6,23.0,0.0,0.0,1.7,0.405,4.3,0.7,0.561,1.2,49.0,0.0,olsenbu01,NBA,10.5,0.0,1.6,4.1,PF,0.0,1963-64,0.0,3.0,CIN,0.405
2.8,0.438,6.5,0.0,0.0,0.0,1.1,24.0,0.0,0.0,2.8,0.438,6.5,1.8,0.738,2.5,79.0,0.0,olsenbu01,NBA,17.4,0.0,2.6,7.5,PF,0.0,1964-65,0.0,4.2,CIN,0.438
1.4,0.42,3.3,0.0,0.0,0.0,0.3,25.0,0.0,0.0,1.4,0.42,3.3,0.7,0.443,1.5,59.0,0.0,olsenbu01,NBA,10.2,0.0,1.4,3.4,PF,0.0,1965-66,0.0,3.3,TOT,0.42
0.8,0.375,2.0,0.0,0.0,0.0,0.5,25.0,0.0,0.0,0.8,0.375,2.0,0.3,0.333,0.8,4.0,0.0,olsenbu01,NBA,9.0,0.0,1.0,1.8,PF,0.0,1965-66,0.0,3.3,CIN,0.375
1.4,0.422,3.4,0.0,0.0,0.0,0.3,25.0,0.0,0.0,1.4,0.422,3.4,0.7,0.447,1.5,55.0,0.0,olsenbu01,NBA,10.3,0.0,1.4,3.5,PF,0.0,1965-66,0.0,3.3,SFW,0.422
1.9,0.449,4.2,0.0,0.0,0.0,0.8,26.0,0.0,0.0,1.9,0.449,4.2,0.6,0.397,1.5,40.0,0.0,olsenbu01,NBA,8.7,0.0,1.3,4.3,PF,0.0,1966-67,0.0,2.6,SFW,0.449
1.8,0.456,3.9,0.0,0.0,0.0,1.0,27.0,0.0,0.0,1.8,0.456,3.9,0.2,0.274,0.8,73.0,0.0,olsenbu01,NBA,12.3,0.0,1.9,3.8,PF,0.0,1967-68,0.0,2.8,SEA,0.456
0.9,0.35700000000000004,2.5,0.0,0.0,0.0,0.6,28.0,0.0,0.0,0.9,0.35700000000000004,2.5,0.2,0.222,1.1,17.0,0.0,olsenbu01,NBA,6.6,0.0,0.8,2.0,PF,0.0,1968-69,0.0,1.5,TOT,0.35700000000000004
1.0,0.368,2.7,0.0,0.0,0.0,0.6,28.0,0.0,0.0,1.0,0.368,2.7,0.0,0.0,0.9,7.0,0.0,olsenbu01,NBA,6.1,0.0,0.9,2.0,PF,0.0,1968-69,0.0,2.0,BOS,0.368
0.8,0.348,2.3,0.0,0.0,0.0,0.7,28.0,0.0,0.0,0.8,0.348,2.3,0.4,0.333,1.2,10.0,0.0,olsenbu01,NBA,7.0,0.0,0.8,2.0,PF,0.0,1968-69,0.0,1.1,DET,0.348
1.9,0.482,3.9,0.0,0.25,0.0,3.0,29.0,0.0,2.8,1.9,0.479,3.9,0.3,0.35600000000000004,0.9,84.0,0.0,olsenbu01,ABA,16.4,1.7,2.8,4.1,PF,0.0,1969-70,1.3,4.5,KEN,0.48
2.8,0.5,5.5,0.6,0.35100000000000003,1.6,1.6,22.0,0.4,3.2,3.3,0.466,7.2,1.4,0.8109999999999999,1.7,70.0,9.0,olynyke01,NBA,20.0,2.0,3.2,8.7,C,0.5,2013-14,1.5,5.2,BOS,0.506
3.0,0.5379999999999999,5.5,1.0,0.349,2.7,1.7,23.0,0.6,3.3,3.9,0.475,8.3,1.5,0.684,2.1,64.0,13.0,olynyke01,NBA,22.2,1.4,3.3,10.3,C,1.0,2014-15,1.5,4.7,BOS,0.5329999999999999
2.4,0.486,5.0,1.2,0.405,3.0,1.5,24.0,0.5,3.0,3.7,0.455,8.1,1.4,0.75,1.9,69.0,8.0,olynyke01,NBA,20.2,1.0,2.4,10.0,C,0.8,2015-16,1.1,4.1,BOS,0.531
2.6,0.608,4.2,0.9,0.354,2.6,2.0,25.0,0.4,3.8,3.5,0.512,6.8,1.2,0.732,1.6,75.0,6.0,olynyke01,NBA,20.5,1.0,2.8,9.0,C,0.6,2016-17,1.3,4.8,BOS,0.579
2.8,0.59,4.7,1.4,0.379,3.7,2.7,26.0,0.5,4.5,4.2,0.4970000000000001,8.4,1.8,0.77,2.3,76.0,22.0,olynyke01,NBA,23.4,1.2,2.9,11.5,PF,0.8,2017-18,1.9,5.7,MIA,0.58
0.2,0.2,1.0,0.0,0.0,0.0,0.6,26.0,0.0,1.2,0.2,0.2,1.0,0.2,0.5,0.4,5.0,0.0,onuakar01,NBA,6.0,0.4,0.6,0.6,PF,0.0,2013-14,0.2,1.6,TOT,0.2
0.3,0.25,1.3,0.0,0.0,0.0,1.0,26.0,0.0,1.7,0.3,0.25,1.3,0.3,0.5,0.7,3.0,0.0,onuakar01,NBA,8.3,0.7,1.0,1.0,PF,0.0,2013-14,0.3,2.3,NOP,0.25
0.0,0.0,0.5,0.0,0.0,0.0,0.0,26.0,0.0,0.5,0.0,0.0,0.5,0.0,0.0,0.0,2.0,0.0,onuakar01,NBA,2.5,0.0,0.0,0.0,PF,0.0,2013-14,0.0,0.5,CLE,0.0
2.0,0.857,2.3,0.0,0.0,0.0,0.7,27.0,0.5,2.3,2.0,0.857,2.3,0.5,0.375,1.3,6.0,1.0,onuakar01,NBA,11.3,1.2,1.0,4.5,C,0.2,2014-15,0.3,3.5,MIN,0.857
0.0,0.0,0.0,0.0,0.0,0.0,0.0,28.0,0.0,0.0,0.0,0.0,0.0,0.0,0.0,0.0,0.0,0.0,onuakar01,0,0.0,0.0,0.0,0.0,0,0.0,2015-16,0.0,0.0,Did Not Play,0.0
0.3,0.5,0.5,0.0,0.0,0.0,0.3,29.0,0.1,0.5,0.3,0.5,0.5,0.0,0.0,0.0,8.0,0.0,onuakar01,NBA,3.5,0.3,0.4,0.5,C,0.0,2016-17,0.3,0.8,ORL,0.5
1.0,0.7140000000000001,1.4,0.0,0.0,0.0,0.6,20.0,0.2,1.6,1.0,0.7140000000000001,1.4,0.8,1.0,0.8,5.0,1.0,onuakch01,NBA,10.4,0.4,1.2,2.8,C,0.6,2016-17,0.8,2.0,HOU,0.7140000000000001
2.0,0.4,5.0,0.0,0.0,0.0,1.0,21.0,0.0,3.0,2.0,0.4,5.0,0.0,0.0,0.0,1.0,0.0,onuakch01,NBA,22.0,1.0,4.0,4.0,C,0.0,2017-18,3.0,4.0,HOU,0.4
1.2,0.309,3.8,0.0,0.0,0.0,0.8,22.0,0.0,0.0,1.2,0.309,3.8,0.5,0.483,0.9,64.0,0.0,ormsba01,NBA,14.3,0.0,2.4,2.8,PG,0.0,1968-69,0.0,2.5,BAL,0.309
3.5,0.399,8.7,0.1,0.192,0.3,1.7,23.0,0.0,2.7,3.5,0.391,9.0,2.0,0.551,3.6,77.0,0.0,ormsba01,ABA,27.2,1.8,2.8,9.1,PG,0.0,1969-70,1.9,4.5,TOT,0.395
1.9,0.459,4.1,0.0,0.0,0.3,1.4,23.0,0.0,2.7,1.9,0.425,4.4,1.9,0.654,2.9,9.0,0.0,ormsba01,ABA,15.9,1.4,3.3,5.7,PG,0.0,1969-70,0.9,4.1,INA,0.425
3.7,0.396,9.3,0.1,0.217,0.3,1.8,23.0,0.0,2.7,3.8,0.389,9.6,2.0,0.54,3.7,68.0,0.0,ormsba01,ABA,28.6,1.9,2.7,9.6,PG,0.0,1969-70,2.1,4.6,PTP,0.393
0.0,0.0,0.0,0.0,0.0,0.0,0.6,22.0,0.0,0.0,1.2,0.339,3.5,0.4,0.857,0.4,34.0,0.0,orrjo01,NBA,0.0,0.0,1.0,2.7,0,0.0,1949-50,0.0,0.0,TOT,0.0
0.0,0.0,0.0,0.0,0.0,0.0,0.3,22.0,0.0,0.0,0.8,0.362,2.2,0.3,0.857,0.3,21.0,0.0,orrjo01,NBA,0.0,0.0,0.9,1.9,0,0.0,1949-50,0.0,0.0,STB,0.0
0.0,0.0,0.0,0.0,0.0,0.0,1.1,22.0,0.0,0.0,1.8,0.324,5.5,0.5,0.857,0.5,13.0,0.0,orrjo01,NBA,0.0,0.0,1.2,4.0,0,0.0,1949-50,0.0,0.0,WAT,0.0
4.2,0.495,8.6,0.0,0.0,0.1,1.6,22.0,0.3,2.3,4.2,0.491,8.6,2.0,0.807,2.5,82.0,0.0,orrlo01,NBA,21.8,2.1,1.9,10.5,SF,0.7,1980-81,1.5,4.4,IND,0.491
4.5,0.501,8.9,0.0,0.125,0.1,1.7,23.0,0.3,2.6,4.5,0.4970000000000001,9.0,2.5,0.799,3.2,80.0,41.0,orrlo01,NBA,24.4,1.6,2.3,11.5,SF,0.7,1981-82,1.7,4.1,IND,0.4970000000000001
3.3,0.464,7.2,0.0,0.0,0.0,1.1,24.0,0.3,1.6,3.3,0.462,7.2,1.7,0.8,2.1,82.0,14.0,orrlo01,NBA,20.3,1.1,1.6,8.4,SF,0.8,1982-83,1.1,2.8,NYK,0.462
3.4,0.458,7.3,0.0,0.0,0.0,0.8,25.0,0.2,1.6,3.4,0.458,7.3,2.2,0.82,2.7,78.0,20.0,orrlo01,NBA,21.0,1.3,1.8,8.9,SF,0.8,1983-84,1.2,2.9,NYK,0.458
4.7,0.491,9.6,0.0,0.1,0.1,1.7,26.0,0.3,2.8,4.7,0.486,9.7,3.3,0.784,4.2,79.0,31.0,orrlo01,NBA,31.0,2.2,2.5,12.7,PF,1.3,1984-85,1.7,4.9,NYK,0.486
4.5,0.448,10.0,0.0,0.0,0.1,2.4,27.0,0.4,2.6,4.5,0.445,10.0,2.9,0.784,3.8,74.0,64.0,orrlo01,NBA,30.2,1.7,2.4,11.9,SF,0.8,1985-86,1.6,4.2,NYK,0.445
2.5,0.43,5.9,0.0,0.2,0.1,1.7,28.0,0.3,2.0,2.6,0.4270000000000001,6.0,1.9,0.727,2.6,65.0,8.0,orrlo01,NBA,22.2,1.6,1.9,7.0,SF,0.7,1986-87,1.1,3.6,NYK,0.428
0.6,0.327,1.7,0.0,0.0,0.0,0.3,29.0,0.0,0.7,0.6,0.32,1.7,0.3,0.5,0.6,29.0,0.0,orrlo01,NBA,6.2,0.4,0.9,1.4,SF,0.2,1987-88,0.5,1.2,NYK,0.32
1.1,0.444,2.4,0.0,0.0,0.0,0.2,25.0,0.1,0.5,1.1,0.44,2.5,0.6,0.596,1.0,51.0,15.0,ortizjo01,NBA,6.4,0.6,0.8,2.8,PF,0.2,1988-89,0.7,1.1,UTA,0.44
1.4,0.45,3.1,0.1,0.5,0.2,0.5,26.0,0.1,0.5,1.5,0.452,3.2,0.2,0.6,0.4,13.0,0.0,ortizjo01,NBA,4.9,0.6,1.2,3.2,PF,0.2,1989-90,0.4,1.2,UTA,0.464
1.1,0.586,1.8,0.0,0.0,0.1,0.3,21.0,0.6,1.3,1.1,0.5670000000000001,1.9,0.7,0.44,1.6,16.0,2.0,ortonda01,NBA,11.7,1.2,1.9,2.8,PF,0.5,2011-12,0.4,2.4,ORL,0.5670000000000001
0.9,0.462,2.0,0.0,0.0,0.0,0.3,22.0,0.2,1.0,0.9,0.462,2.0,0.7,0.529,1.3,13.0,0.0,ortonda01,NBA,8.0,1.0,1.0,2.5,C,0.3,2012-13,0.3,2.0,OKC,0.462
1.0,0.447,2.1,0.0,0.0,0.0,0.7,23.0,0.7,2.0,1.0,0.447,2.1,1.0,0.767,1.4,22.0,4.0,ortonda01,NBA,11.4,0.7,1.7,3.0,C,0.3,2013-14,0.8,2.8,PHI,0.447
0.0,0.0,0.0,0.0,0.0,0.0,0.3,23.0,0.0,0.0,0.3,0.125,2.0,0.8,0.75,1.0,4.0,0.0,osborch01,NBA,5.3,0.0,0.8,1.3,PF,0.0,1961-62,0.0,2.3,SYR,0.0
1.0,0.586,1.6,0.5,0.368,1.4,0.7,22.0,0.0,1.7,1.5,0.484,3.0,0.4,0.565,0.8,61.0,12.0,osmande01,NBA,11.0,0.3,1.3,3.9,SF,0.4,2017-18,0.5,2.0,CLE,0.57
0.0,0.0,0.0,0.0,0.0,0.0,1.8,23.0,0.0,0.0,2.2,0.35100000000000003,6.3,3.0,0.594,5.1,66.0,0.0,osterwa01,NBA,26.1,0.0,3.4,7.4,SF,0.0,1951-52,0.0,6.7,SYR,0.0
0.0,0.0,0.0,0.0,0.0,0.0,1.2,24.0,0.0,0.0,1.7,0.324,5.3,2.2,0.631,3.4,49.0,0.0,osterwa01,NBA,20.7,0.0,2.6,5.6,SF,0.0,1952-53,0.0,4.4,SYR,0.0
0.0,0.0,0.0,0.0,0.0,0.0,2.2,25.0,0.0,0.0,2.9,0.34600000000000003,8.4,3.0,0.579,5.2,70.0,0.0,osterwa01,NBA,30.9,0.0,3.0,8.8,PF,0.0,1953-54,0.0,7.0,SYR,0.0
0.0,0.0,0.0,0.0,0.0,0.0,0.9,26.0,0.0,0.0,1.1,0.206,5.1,0.8,0.5,1.7,19.0,0.0,osterwa01,NBA,15.1,0.0,1.7,2.9,SF,0.0,1954-55,0.0,3.7,SYR,0.0
1.5,0.473,3.2,0.0,0.0,0.0,0.1,22.0,1.1,2.1,1.5,0.473,3.2,0.6,0.667,0.9,57.0,10.0,ostergr01,NBA,11.6,1.0,1.6,3.6,C,0.1,1995-96,0.4,3.1,UTA,0.473
2.7,0.52,5.2,0.0,0.0,0.1,0.4,23.0,2.0,5.0,2.7,0.515,5.3,1.8,0.6779999999999999,2.7,77.0,70.0,ostergr01,NBA,23.6,2.3,3.0,7.3,C,0.3,1996-97,1.0,7.3,UTA,0.515
1.8,0.481,3.8,0.0,0.0,0.0,0.4,24.0,2.1,3.8,1.8,0.481,3.8,1.1,0.479,2.2,63.0,23.0,ostergr01,NBA,20.4,2.1,2.6,4.7,C,0.4,1997-98,1.2,5.9,UTA,0.481
2.1,0.476,4.3,0.0,0.0,0.0,0.5,25.0,2.7,5.1,2.1,0.476,4.3,1.6,0.62,2.5,48.0,48.0,ostergr01,NBA,27.9,2.2,2.9,5.7,C,0.3,1998-99,0.9,7.3,UTA,0.476
1.5,0.466,3.3,0.0,0.0,0.0,0.2,26.0,2.1,3.8,1.5,0.464,3.3,1.5,0.636,2.3,81.0,3.0,ostergr01,NBA,19.8,2.1,2.4,4.5,C,0.2,1999-00,1.0,6.0,UTA,0.464
1.7,0.495,3.4,0.0,0.5,0.0,0.3,27.0,1.8,3.1,1.7,0.495,3.5,1.0,0.556,1.9,81.0,3.0,ostergr01,NBA,18.4,2.0,2.7,4.5,C,0.3,2000-01,0.8,5.1,UTA,0.496
1.2,0.453,2.7,0.0,0.0,0.0,0.7,28.0,1.5,2.5,1.2,0.453,2.7,0.9,0.485,1.8,74.0,14.0,ostergr01,NBA,15.0,1.7,2.1,3.3,C,0.2,2001-02,0.7,4.2,UTA,0.453
2.1,0.518,4.0,0.0,0.0,0.0,0.7,29.0,1.8,4.0,2.1,0.518,4.0,1.2,0.51,2.4,81.0,74.0,ostergr01,NBA,23.8,2.2,2.9,5.4,C,0.2,2002-03,1.3,6.2,UTA,0.518
2.7,0.477,5.6,0.0,0.0,0.0,1.6,30.0,1.8,4.6,2.7,0.476,5.6,1.4,0.579,2.5,78.0,51.0,ostergr01,NBA,27.6,2.8,2.9,6.8,C,0.4,2003-04,1.3,7.4,UTA,0.476
0.7,0.451,1.5,0.0,0.0,0.0,0.7,31.0,0.7,2.0,0.7,0.44,1.5,0.2,0.342,0.7,56.0,3.0,ostergr01,NBA,9.9,1.0,1.6,1.6,C,0.1,2004-05,0.4,3.0,SAC,0.44
1.0,0.4920000000000001,2.1,0.0,0.0,0.0,1.0,32.0,1.1,2.4,1.0,0.4920000000000001,2.1,0.4,0.5,0.8,60.0,22.0,ostergr01,NBA,13.5,1.4,2.2,2.4,C,0.1,2005-06,0.8,3.8,UTA,0.4920000000000001
0.3,1.0,0.3,0.5,0.5,1.0,1.8,23.0,0.0,0.3,0.8,0.6,1.3,0.0,0.0,0.5,4.0,0.0,othicma01,NBA,9.8,0.3,1.8,2.0,PG,0.3,1992-93,1.0,0.5,SAS,0.8
0.0,0.0,0.0,0.0,0.0,0.0,1.4,28.0,0.0,0.0,3.8,0.373,10.1,5.3,0.737,7.2,64.0,0.0,ottendo01,NBA,0.0,0.0,3.8,12.9,C,0.0,1949-50,0.0,0.0,TOT,0.0
0.0,0.0,0.0,0.0,0.0,0.0,1.6,28.0,0.0,0.0,3.6,0.366,9.8,4.9,0.7170000000000001,6.8,46.0,0.0,ottendo01,NBA,0.0,0.0,3.9,12.1,C,0.0,1949-50,0.0,0.0,TRI,0.0
0.0,0.0,0.0,0.0,0.0,0.0,1.0,28.0,0.0,0.0,4.3,0.391,10.9,6.4,0.777,8.2,18.0,0.0,ottendo01,NBA,0.0,0.0,3.7,14.9,C,0.0,1949-50,0.0,0.0,WSC,0.0
0.0,0.0,0.0,0.0,0.0,0.0,0.9,29.0,0.0,0.0,2.4,0.338,7.1,3.7,0.799,4.6,67.0,0.0,ottendo01,NBA,0.0,0.0,3.8,8.5,C,0.0,1950-51,0.0,6.0,TOT,0.0
0.0,0.0,0.0,0.0,0.0,0.0,1.4,29.0,0.0,0.0,2.3,0.29100000000000004,7.9,4.6,0.7959999999999999,5.8,16.0,0.0,ottendo01,NBA,0.0,0.0,3.8,9.3,C,0.0,1950-51,0.0,6.6,WSC,0.0
0.0,0.0,0.0,0.0,0.0,0.0,1.5,29.0,0.0,0.0,1.5,0.2,7.5,2.5,0.556,4.5,2.0,0.0,ottendo01,NBA,0.0,0.0,2.5,5.5,C,0.0,1950-51,0.0,1.5,BLB,0.0
0.0,0.0,0.0,0.0,0.0,0.0,0.8,29.0,0.0,0.0,2.5,0.362,6.9,3.4,0.8109999999999999,4.2,49.0,0.0,ottendo01,NBA,0.0,0.0,3.9,8.4,C,0.0,1950-51,0.0,6.0,FTW,0.0
0.0,0.0,0.0,0.0,0.0,0.0,1.9,30.0,0.0,0.0,3.5,0.349,9.9,5.0,0.773,6.5,64.0,0.0,ottendo01,NBA,28.0,0.0,3.4,12.0,C,0.0,1951-52,0.0,6.8,TOT,0.0
0.0,0.0,0.0,0.0,0.0,0.0,0.7,30.0,0.0,0.0,0.7,0.25,2.9,2.0,0.875,2.3,7.0,0.0,ottendo01,NBA,9.0,0.0,2.7,3.4,C,0.0,1951-52,0.0,2.9,FTW,0.0
0.0,0.0,0.0,0.0,0.0,0.0,2.1,30.0,0.0,0.0,3.8,0.35200000000000004,10.8,5.4,0.769,7.1,57.0,0.0,ottendo01,NBA,30.3,0.0,3.5,13.0,C,0.0,1951-52,0.0,7.3,MLH,0.0
0.0,0.0,0.0,0.0,0.0,0.0,0.9,31.0,0.0,0.0,1.4,0.391,3.6,2.7,0.703,3.8,24.0,0.0,ottendo01,NBA,16.0,0.0,2.8,5.5,C,0.0,1952-53,0.0,3.7,MLH,0.0
0.0,0.0,0.0,0.0,0.0,0.0,0.6,24.0,0.0,0.0,0.9,0.329,2.6,0.7,0.494,1.4,59.0,0.0,ottenma01,NBA,0.0,0.0,2.0,2.4,0,0.0,1949-50,0.0,0.0,TOT,0.0
0.0,0.0,0.0,0.0,0.0,0.0,0.9,24.0,0.0,0.0,1.0,0.353,2.8,1.3,0.682,1.8,12.0,0.0,ottenma01,NBA,0.0,0.0,2.3,3.3,0,0.0,1949-50,0.0,0.0,TRI,0.0
0.0,0.0,0.0,0.0,0.0,0.0,0.5,24.0,0.0,0.0,0.8,0.322,2.6,0.5,0.424,1.3,47.0,0.0,ottenma01,NBA,0.0,0.0,2.0,2.2,0,0.0,1949-50,0.0,0.0,STB,0.0
1.0,0.4920000000000001,2.1,0.4,0.316,1.3,0.2,20.0,0.1,1.7,1.4,0.4270000000000001,3.3,0.5,0.633,0.8,63.0,9.0,oubreke01,NBA,10.7,0.4,1.6,3.7,SF,0.3,2015-16,0.5,2.1,WAS,0.486
1.7,0.52,3.2,0.7,0.287,2.4,0.6,21.0,0.2,2.5,2.4,0.421,5.6,0.9,0.758,1.3,79.0,5.0,oubreke01,NBA,20.3,0.8,2.5,6.3,SF,0.7,2016-17,0.6,3.3,WAS,0.482
2.4,0.456,5.2,1.6,0.341,4.6,1.2,22.0,0.4,3.8,3.9,0.403,9.8,2.4,0.82,2.9,81.0,11.0,oubreke01,NBA,27.5,0.7,2.9,11.8,SF,1.0,2017-18,1.1,4.5,WAS,0.482
2.6,0.594,4.5,0.0,0.0,0.1,1.0,22.0,1.0,3.5,2.6,0.5870000000000001,4.5,1.6,0.5920000000000001,2.8,37.0,14.0,outlabo01,NBA,23.5,2.2,2.5,6.9,SF,1.0,1993-94,0.8,5.7,LAC,0.5870000000000001
2.1,0.531,4.0,0.0,0.0,0.1,1.0,23.0,1.9,2.4,2.1,0.523,4.0,1.0,0.441,2.3,81.0,31.0,outlabo01,NBA,20.4,1.5,2.8,5.2,PF,1.1,1994-95,1.0,3.9,LAC,0.523
1.3,0.585,2.3,0.0,0.0,0.0,0.6,24.0,1.1,1.4,1.3,0.575,2.3,0.9,0.444,2.0,80.0,3.0,outlabo01,NBA,12.3,1.1,1.6,3.6,PF,0.6,1995-96,0.6,2.5,LAC,0.575
3.1,0.621,5.0,0.0,0.0,0.1,1.9,25.0,1.7,3.4,3.1,0.609,5.1,1.4,0.504,2.8,82.0,25.0,outlabo01,NBA,26.8,2.1,2.8,7.6,PF,1.1,1996-97,1.3,5.5,LAC,0.609
3.7,0.557,6.6,0.0,0.25,0.0,2.6,26.0,2.2,4.7,3.7,0.5539999999999999,6.6,2.2,0.575,3.8,82.0,76.0,outlabo01,NBA,36.0,3.1,3.2,9.5,PF,1.3,1997-98,2.1,7.8,ORL,0.555
2.7,0.556,4.9,0.0,0.0,0.1,1.8,27.0,1.4,3.6,2.7,0.545,5.0,1.1,0.4320000000000001,2.6,31.0,22.0,outlabo01,NBA,27.5,1.7,2.5,6.5,PF,1.3,1998-99,1.9,5.4,ORL,0.545
2.5,0.607,4.1,0.0,0.0,0.0,3.0,28.0,1.8,3.9,2.5,0.602,4.1,1.0,0.506,2.0,82.0,55.0,outlabo01,NBA,28.4,2.5,2.5,6.0,PF,1.4,1999-00,1.6,6.4,ORL,0.602
2.8,0.615,4.6,0.0,0.5,0.0,2.8,29.0,1.7,5.1,2.8,0.614,4.6,1.6,0.573,2.8,80.0,69.0,outlabo01,NBA,31.7,2.6,3.0,7.3,PF,1.3,2000-01,1.8,7.7,ORL,0.615
2.0,0.556,3.6,0.0,0.5,0.0,1.5,30.0,1.1,2.6,2.0,0.555,3.6,0.5,0.422,1.2,83.0,36.0,outlabo01,NBA,23.2,1.8,2.5,4.5,PF,0.8,2001-02,1.2,4.4,TOT,0.557
1.3,0.619,2.1,0.0,0.0,0.0,0.5,30.0,0.9,1.4,1.3,0.619,2.1,0.8,0.444,1.8,10.0,0.0,outlabo01,NBA,16.0,1.5,2.3,3.4,PF,0.9,2001-02,1.1,2.9,ORL,0.619
2.1,0.551,3.8,0.0,0.5,0.0,1.7,30.0,1.1,2.8,2.1,0.55,3.8,0.5,0.417,1.2,73.0,36.0,outlabo01,NBA,24.2,1.8,2.5,4.7,PF,0.8,2001-02,1.2,4.6,PHO,0.552
1.9,0.5539999999999999,3.5,0.0,0.0,0.0,1.4,31.0,0.9,2.9,1.9,0.55,3.5,0.9,0.621,1.5,80.0,20.0,outlabo01,NBA,22.5,1.7,2.4,4.7,C,0.6,2002-03,1.0,4.6,PHO,0.55
1.9,0.516,3.8,0.0,0.0,0.0,1.1,32.0,0.9,2.6,1.9,0.51,3.8,0.7,0.526,1.4,82.0,1.0,outlabo01,NBA,19.6,1.5,2.1,4.6,PF,0.9,2003-04,0.8,4.2,MEM,0.51
0.3,0.353,0.9,0.0,0.0,0.0,0.3,33.0,0.3,0.9,0.3,0.353,0.9,0.1,0.556,0.2,39.0,0.0,outlabo01,NBA,5.5,0.4,0.7,0.7,PF,0.2,2004-05,0.2,1.4,PHO,0.353
1.1,0.603,1.8,0.0,0.0,0.0,0.4,34.0,0.4,1.4,1.1,0.603,1.8,0.2,0.625,0.3,32.0,0.0,outlabo01,NBA,11.1,1.0,1.6,2.3,PF,0.3,2005-06,0.5,2.4,ORL,0.603
0.8,0.667,1.2,0.0,0.0,0.0,0.4,35.0,0.1,1.4,0.8,0.667,1.2,0.3,0.591,0.5,41.0,0.0,outlabo01,NBA,11.2,1.1,1.4,2.0,PF,0.4,2006-07,0.5,2.6,ORL,0.667
1.0,0.667,1.5,0.0,0.0,0.0,0.0,36.0,0.0,0.0,1.0,0.667,1.5,0.0,0.0,0.0,2.0,0.0,outlabo01,NBA,3.5,0.0,0.5,2.0,PF,0.0,2007-08,0.5,0.0,ORL,0.667
0.4,0.429,0.9,0.0,0.0,0.0,0.1,19.0,0.0,0.3,0.4,0.429,0.9,0.3,0.5,0.5,8.0,0.0,outlatr01,NBA,2.4,0.3,0.1,1.0,PF,0.1,2003-04,0.1,0.5,POR,0.429
2.2,0.502,4.4,0.1,0.4,0.2,0.6,20.0,0.7,1.4,2.3,0.498,4.5,0.8,0.653,1.3,59.0,2.0,outlatr01,NBA,13.4,0.7,1.3,5.4,SF,0.5,2004-05,0.7,2.1,POR,0.506
2.1,0.47,4.6,0.2,0.264,0.8,0.5,21.0,0.7,2.0,2.3,0.44,5.3,0.9,0.6970000000000001,1.3,69.0,11.0,outlatr01,NBA,16.7,0.7,1.6,5.8,PF,0.4,2005-06,0.5,2.7,POR,0.459
3.5,0.445,7.9,0.1,0.27,0.6,0.8,22.0,1.1,2.3,3.7,0.434,8.5,2.1,0.79,2.7,67.0,1.0,outlatr01,NBA,22.9,1.0,2.2,9.6,PF,0.9,2006-07,1.0,3.2,POR,0.443
4.6,0.4370000000000001,10.5,0.5,0.396,1.2,1.3,23.0,0.8,3.4,5.1,0.433,11.8,2.7,0.741,3.6,82.0,6.0,outlatr01,NBA,26.7,1.2,2.1,13.3,PF,0.7,2007-08,1.3,4.6,POR,0.453
3.7,0.482,7.6,1.1,0.377,2.9,1.0,24.0,0.7,3.2,4.8,0.453,10.5,2.2,0.723,3.0,81.0,6.0,outlatr01,NBA,27.7,0.9,2.1,12.8,SF,0.6,2008-09,1.2,4.1,POR,0.505
2.1,0.398,5.2,1.2,0.381,3.1,1.0,25.0,0.5,2.6,3.2,0.391,8.3,1.4,0.831,1.7,34.0,6.0,outlatr01,NBA,21.5,1.0,1.3,9.1,SF,0.5,2009-10,0.9,3.6,TOT,0.463
2.4,0.371,6.4,1.1,0.387,2.8,0.7,25.0,0.7,2.3,3.5,0.376,9.2,1.9,0.875,2.2,11.0,0.0,outlatr01,NBA,21.0,1.2,1.2,9.9,SF,0.6,2009-10,1.1,3.5,POR,0.436
1.9,0.415,4.6,1.2,0.378,3.2,1.1,25.0,0.4,2.7,3.1,0.4,7.8,1.2,0.8,1.5,23.0,6.0,outlatr01,NBA,21.7,0.9,1.3,8.7,SF,0.5,2009-10,0.9,3.6,LAC,0.478
2.4,0.413,5.8,0.9,0.302,3.1,1.0,26.0,0.4,3.3,3.3,0.375,8.9,1.6,0.772,2.1,82.0,55.0,outlatr01,NBA,28.8,0.7,1.8,9.2,SF,0.4,2010-11,0.9,4.0,NJN,0.4270000000000001
1.1,0.383,2.9,0.4,0.267,1.5,0.4,27.0,0.5,1.1,1.5,0.343,4.5,0.8,0.674,1.2,39.0,5.0,outlatr01,NBA,12.8,0.5,0.9,4.3,SF,0.5,2011-12,0.5,1.6,SAC,0.389
1.6,0.472,3.3,0.4,0.28,1.3,0.6,28.0,0.2,1.2,1.9,0.418,4.7,1.0,0.731,1.4,38.0,2.0,outlatr01,NBA,11.7,0.4,0.9,5.3,SF,0.3,2012-13,0.5,1.6,SAC,0.458
1.4,0.426,3.3,0.7,0.35,1.9,0.8,29.0,0.3,2.1,2.1,0.399,5.2,0.7,0.8079999999999999,0.8,63.0,4.0,outlatr01,NBA,16.9,0.6,1.5,5.4,SF,0.3,2013-14,0.4,2.7,SAC,0.462
0.0,0.0,0.0,0.0,0.0,0.0,1.0,25.0,0.0,0.0,1.3,0.253,5.0,1.3,0.667,2.0,15.0,0.0,overtcl01,NBA,12.1,0.0,1.7,3.9,SG,0.0,1952-53,0.0,1.7,PHW,0.0
3.3,0.481,6.9,0.1,0.231,0.3,3.5,23.0,0.1,1.8,3.4,0.471,7.2,1.3,0.728,1.8,45.0,13.0,overtdo01,NBA,22.0,0.6,1.8,8.1,PG,0.7,1992-93,1.6,2.4,WSB,0.475
1.4,0.42,3.4,0.0,0.091,0.2,1.5,24.0,0.0,0.8,1.4,0.403,3.5,0.7,0.8270000000000001,0.9,61.0,1.0,overtdo01,NBA,12.3,0.3,0.8,3.6,PG,0.3,1993-94,0.9,1.1,WSB,0.405
1.9,0.413,4.5,0.6,0.424,1.5,3.0,25.0,0.0,1.4,2.5,0.416,6.1,1.3,0.872,1.5,82.0,20.0,overtdo01,NBA,20.8,0.3,1.5,7.0,PG,0.6,1994-95,1.3,1.7,WSB,0.469
1.1,0.388,2.8,0.1,0.308,0.5,1.9,26.0,0.1,1.0,1.2,0.376,3.2,0.7,0.727,1.0,55.0,0.0,overtdo01,NBA,11.0,0.1,0.9,3.3,PG,0.2,1995-96,0.7,1.1,DEN,0.399
1.2,0.473,2.5,0.2,0.25,0.7,1.7,27.0,0.0,0.8,1.3,0.426,3.1,0.7,0.938,0.8,61.0,4.0,overtdo01,NBA,10.4,0.3,0.7,3.6,PG,0.4,1996-97,0.6,1.1,PHI,0.453
1.0,0.4,2.6,0.0,0.0,0.1,1.6,28.0,0.0,0.5,1.0,0.381,2.7,0.6,0.875,0.7,23.0,2.0,overtdo01,NBA,12.0,0.1,1.5,2.7,PG,0.3,1997-98,1.0,0.6,PHI,0.381
1.4,0.442,3.2,0.1,0.28600000000000003,0.3,1.0,29.0,0.0,0.6,1.5,0.429,3.5,0.8,0.9,0.8,24.0,1.0,overtdo01,NBA,10.2,0.3,0.8,3.8,PG,0.2,1998-99,0.8,0.9,TOT,0.44
1.0,0.6,1.7,0.0,0.0,0.3,0.5,29.0,0.0,0.2,1.0,0.5,2.0,1.0,1.0,1.0,6.0,0.0,overtdo01,NBA,5.5,0.2,0.3,3.0,PG,0.2,1998-99,0.5,0.3,ORL,0.5
2.9,0.434,6.6,0.3,0.5,0.5,2.0,29.0,0.1,1.4,3.1,0.439,7.1,1.5,0.857,1.8,8.0,1.0,overtdo01,NBA,21.8,0.8,1.8,8.0,PG,0.4,1998-99,1.9,2.1,NJN,0.456
0.5,0.35700000000000004,1.4,0.0,0.0,0.1,0.4,29.0,0.0,0.2,0.5,0.333,1.5,0.0,0.0,0.0,10.0,0.0,overtdo01,NBA,3.7,0.0,0.2,1.0,PG,0.1,1998-99,0.2,0.2,PHI,0.333
1.1,0.405,2.6,0.2,0.35700000000000004,0.6,1.1,30.0,0.0,0.4,1.3,0.396,3.2,0.4,0.952,0.4,48.0,0.0,overtdo01,NBA,9.0,0.3,1.0,3.2,PG,0.2,1999-00,0.4,0.7,BOS,0.429
2.0,0.398,4.9,0.5,0.306,1.7,3.4,31.0,0.0,1.7,2.5,0.374,6.6,0.5,0.625,0.8,21.0,10.0,overtdo01,NBA,22.6,0.2,1.8,6.0,PG,0.4,2000-01,1.5,1.9,TOT,0.414
2.0,0.35,5.7,0.1,0.25,0.6,2.7,31.0,0.0,1.7,2.1,0.341,6.3,1.0,0.636,1.6,7.0,1.0,overtdo01,NBA,20.6,0.4,2.1,5.4,PG,0.6,2000-01,1.9,2.1,BOS,0.35200000000000004
1.0,1.0,1.0,0.0,0.0,0.0,0.0,31.0,0.0,0.0,1.0,1.0,1.0,0.0,0.0,0.0,2.0,0.0,overtdo01,NBA,7.5,0.0,1.0,2.0,PG,0.5,2000-01,1.5,0.0,CHH,1.0
2.1,0.41,5.1,0.8,0.313,2.7,4.4,31.0,0.0,1.9,2.9,0.376,7.8,0.3,0.6,0.4,12.0,9.0,overtdo01,NBA,26.3,0.1,1.7,6.9,PG,0.3,2000-01,1.3,2.0,NJN,0.43
0.4,0.412,0.9,0.4,0.259,1.5,0.7,32.0,0.1,0.6,0.8,0.318,2.4,0.2,0.5710000000000001,0.4,18.0,0.0,overtdo01,NBA,7.2,0.1,0.6,2.2,PG,0.2,2001-02,0.7,0.7,LAC,0.398
0.0,0.0,0.0,0.0,0.0,0.0,0.0,33.0,0.0,0.0,0.0,0.0,0.0,0.0,0.0,0.0,0.0,0.0,overtdo01,0,0.0,0.0,0.0,0.0,0,0.0,2002-03,0.0,0.0,Did Not PlayÂ (other pro leagueâCBA),0.0
1.6,0.4320000000000001,3.6,0.0,0.13,0.4,2.3,34.0,0.0,1.1,1.6,0.404,4.0,0.4,0.742,0.5,61.0,11.0,overtdo01,NBA,16.9,0.3,1.5,3.7,PG,0.4,2003-04,1.0,1.4,TOT,0.41
0.5,0.375,1.3,0.0,0.0,0.0,0.7,34.0,0.0,0.2,0.5,0.375,1.3,0.3,1.0,0.3,6.0,0.0,overtdo01,NBA,3.7,0.0,0.7,1.3,PG,0.2,2003-04,0.3,0.2,NJN,0.375
1.7,0.435,3.9,0.1,0.13,0.4,2.4,34.0,0.0,1.3,1.7,0.405,4.3,0.4,0.7240000000000001,0.5,55.0,11.0,overtdo01,NBA,18.4,0.3,1.5,3.9,PG,0.5,2003-04,1.0,1.5,LAC,0.411
1.0,0.414,2.5,0.1,0.188,0.7,0.3,25.0,0.0,0.4,1.2,0.365,3.2,0.5,0.667,0.8,23.0,2.0,owensan01,NBA,9.1,0.5,1.1,3.0,PG,0.2,2005-06,0.6,0.9,UTA,0.385
0.0,0.0,0.0,0.0,0.0,0.0,0.0,26.0,0.0,0.0,0.0,0.0,0.0,0.0,0.0,0.0,0.0,0.0,owensan01,0,0.0,0.0,0.0,0.0,0,0.0,2006-07,0.0,0.0,Did Not PlayÂ (other pro leagueâD-League),0.0
0.7,0.328,2.2,0.6,0.45,1.3,1.5,27.0,0.1,1.1,1.3,0.374,3.5,0.8,0.735,1.1,31.0,7.0,owensan01,NBA,12.6,0.4,1.2,4.0,PG,0.4,2007-08,0.8,1.5,IND,0.458
5.8,0.529,11.0,0.0,0.111,0.1,2.4,22.0,0.8,5.0,5.9,0.525,11.1,2.6,0.654,3.9,80.0,77.0,owensbi01,NBA,31.4,3.0,3.5,14.3,PF,1.1,1991-92,2.2,8.0,GSW,0.526
6.6,0.51,13.0,0.0,0.091,0.3,3.9,23.0,0.8,4.2,6.7,0.501,13.3,3.2,0.639,4.9,37.0,37.0,owensbi01,NBA,32.5,2.9,2.8,16.5,PF,0.9,1992-93,2.9,7.1,GSW,0.502
6.2,0.512,12.1,0.0,0.2,0.2,4.1,24.0,0.8,5.2,6.2,0.507,12.3,2.5,0.61,4.1,79.0,72.0,owensbi01,NBA,34.7,2.9,3.4,15.0,PF,1.1,1993-94,2.7,8.1,GSW,0.508
5.7,0.503,11.4,0.0,0.091,0.3,3.5,25.0,0.4,4.3,5.8,0.491,11.7,2.8,0.62,4.5,70.0,60.0,owensbi01,NBA,32.8,2.9,2.9,14.3,SG,1.1,1994-95,2.9,7.2,MIA,0.493
5.1,0.485,10.6,0.1,0.278,0.3,3.3,26.0,0.6,4.3,5.2,0.48,10.9,2.5,0.636,4.0,62.0,51.0,owensbi01,NBA,32.0,2.3,3.1,13.0,SF,0.8,1995-96,2.6,6.6,TOT,0.484
6.0,0.512,11.7,0.0,0.0,0.2,3.4,26.0,0.6,4.8,6.0,0.505,11.8,2.8,0.633,4.4,40.0,40.0,owensbi01,NBA,34.7,2.4,3.3,14.8,SF,0.8,1995-96,2.8,7.2,MIA,0.505
3.6,0.42,8.5,0.2,0.417,0.5,3.2,26.0,0.7,3.5,3.8,0.42,9.1,2.0,0.643,3.2,22.0,11.0,owensbi01,NBA,27.0,2.2,2.7,9.9,SF,0.9,1995-96,2.3,5.7,SAC,0.433
4.2,0.482,8.6,0.4,0.34700000000000003,1.1,2.8,27.0,0.4,3.9,4.5,0.467,9.7,1.5,0.6970000000000001,2.2,66.0,56.0,owensbi01,NBA,30.2,2.0,2.8,11.0,SF,0.9,1996-97,2.0,5.9,SAC,0.487
4.0,0.474,8.4,0.3,0.371,0.9,2.8,28.0,0.5,5.3,4.3,0.464,9.3,1.5,0.589,2.5,78.0,78.0,owensbi01,NBA,30.1,2.2,3.0,10.5,SF,1.2,1997-98,2.0,7.5,SAC,0.482
2.9,0.39,7.3,0.2,0.455,0.5,1.8,29.0,0.2,2.1,3.1,0.394,7.9,1.3,0.8,1.7,21.0,19.0,owensbi01,NBA,21.5,1.7,1.8,7.8,SF,0.6,1998-99,1.6,3.8,SEA,0.409
2.2,0.429,5.2,0.2,0.324,0.5,1.6,30.0,0.3,3.3,2.4,0.419,5.8,1.0,0.594,1.7,62.0,11.0,owensbi01,NBA,21.0,1.6,2.7,6.0,PF-SF,0.5,1999-00,1.4,4.9,TOT,0.434
2.2,0.446,5.0,0.2,0.333,0.6,1.3,30.0,0.3,2.8,2.4,0.434,5.6,0.8,0.594,1.4,46.0,7.0,owensbi01,NBA,20.0,1.4,2.6,5.9,PF,0.6,1999-00,1.3,4.2,PHI,0.452
2.3,0.387,5.8,0.1,0.28600000000000003,0.4,2.4,30.0,0.3,4.6,2.4,0.38,6.3,1.6,0.595,2.6,16.0,4.0,owensbi01,NBA,24.1,2.3,2.9,6.4,SF,0.4,1999-00,1.5,6.8,GSW,0.39
1.9,0.405,4.7,0.1,0.15,0.4,1.2,31.0,0.3,2.7,2.0,0.383,5.1,0.4,0.475,0.9,45.0,14.0,owensbi01,NBA,17.6,1.9,2.1,4.4,PF,0.7,2000-01,0.9,4.6,DET,0.389
2.0,0.667,3.0,0.0,0.0,0.0,0.0,23.0,0.0,0.0,2.0,0.667,3.0,0.0,0.0,0.0,1.0,0.0,owensch01,NBA,6.0,1.0,0.0,4.0,SF,0.0,2002-03,1.0,1.0,MEM,0.667
0.0,0.0,0.0,0.0,0.0,0.0,0.6,24.0,0.0,0.6,1.1,0.429,2.6,0.4,0.5,0.8,8.0,0.0,owensed01,NBA,7.9,0.6,1.1,2.6,SF,0.1,1977-78,0.4,1.3,BUF,0.0
0.0,0.0,0.0,0.0,0.0,0.0,0.9,23.0,0.0,0.5,1.2,0.5379999999999999,2.3,0.6,0.7859999999999999,0.8,17.0,0.0,owensji01,NBA,5.9,0.1,0.4,3.1,SF,0.3,1973-74,0.0,0.5,PHO,0.0
0.0,0.0,0.0,0.0,0.0,0.0,1.2,24.0,0.0,0.9,1.4,0.386,3.5,0.3,0.75,0.4,41.0,0.0,owensji01,NBA,10.5,0.2,0.7,3.0,SF,0.4,1974-75,0.0,1.0,PHO,0.0
0.5,0.281,1.6,0.0,0.0,0.0,0.2,22.0,0.2,0.4,0.5,0.281,1.6,0.4,0.8,0.5,20.0,0.0,owenske01,NBA,4.0,0.4,0.6,1.3,SF,0.3,1991-92,0.1,0.8,LAL,0.281
0.8,0.474,1.6,0.5,0.462,1.1,0.7,28.0,0.4,1.2,1.3,0.469,2.7,0.3,0.444,0.8,12.0,0.0,owensla01,NBA,11.9,0.1,1.5,3.3,SF,0.8,2010-11,0.4,1.3,TOT,0.563
0.3,0.667,0.4,0.1,0.333,0.4,0.1,28.0,0.0,0.6,0.4,0.5,0.9,0.3,0.5,0.6,7.0,0.0,owensla01,NBA,4.4,0.0,0.6,1.3,SF,0.3,2010-11,0.0,0.6,SAS,0.583
1.4,0.438,3.2,1.0,0.5,2.0,1.4,28.0,1.0,2.0,2.4,0.462,5.2,0.4,0.4,1.0,5.0,0.0,owensla01,NBA,22.4,0.2,2.8,6.2,SF,1.4,2010-11,1.0,2.2,WAS,0.5579999999999999
0.3,0.333,0.9,0.3,0.4,0.7,0.6,29.0,0.1,1.6,0.6,0.364,1.6,0.4,0.75,0.6,7.0,0.0,owensla01,NBA,10.7,0.3,1.4,1.9,SF,0.0,2011-12,0.3,1.9,NJN,0.455
0.0,0.0,0.0,0.0,0.0,0.0,1.2,24.0,0.0,0.0,1.4,0.299,4.7,1.1,0.6729999999999999,1.7,61.0,0.0,owensre01,NBA,0.0,0.0,2.5,3.9,SG,0.0,1949-50,0.0,0.0,TOT,0.0
0.0,0.0,0.0,0.0,0.0,0.0,1.2,24.0,0.0,0.0,1.6,0.307,5.3,1.5,0.6779999999999999,2.3,26.0,0.0,owensre01,NBA,0.0,0.0,2.5,4.8,SG,0.0,1949-50,0.0,0.0,TRI,0.0
0.0,0.0,0.0,0.0,0.0,0.0,1.2,24.0,0.0,0.0,1.3,0.29100000000000004,4.3,0.8,0.667,1.2,35.0,0.0,owensre01,NBA,0.0,0.0,2.5,3.3,SG,0.0,1949-50,0.0,0.0,AND,0.0
0.0,0.0,0.0,0.0,0.0,0.0,0.0,25.0,0.0,0.0,0.0,0.0,0.0,0.0,0.0,0.0,0.0,0.0,owensre01,0,0.0,0.0,0.0,0.0,0,0.0,1950-51,0.0,0.0,Did Not PlayÂ (other pro leagueâNPBL),0.0
0.0,0.0,0.0,0.0,0.0,0.0,2.2,26.0,0.0,0.0,2.9,0.329,8.7,2.2,0.561,3.9,29.0,0.0,owensre01,NBA,21.6,0.0,3.2,7.9,SG,0.0,1951-52,0.0,3.5,TOT,0.0
0.0,0.0,0.0,0.0,0.0,0.0,1.7,26.0,0.0,0.0,2.9,0.342,8.5,2.1,0.5329999999999999,3.9,19.0,0.0,owensre01,NBA,17.9,0.0,2.7,7.9,SG,0.0,1951-52,0.0,3.7,BLB,0.0
0.0,0.0,0.0,0.0,0.0,0.0,3.2,26.0,0.0,0.0,2.8,0.308,9.1,2.4,0.615,3.9,10.0,0.0,owensre01,NBA,28.5,0.0,4.1,8.0,SG,0.0,1951-52,0.0,3.1,MLH,0.0
2.8,0.494,5.8,0.0,0.2,0.1,0.7,22.0,0.0,3.3,2.9,0.49,5.8,1.6,0.623,2.5,69.0,0.0,owensto01,ABA,16.2,2.4,2.5,7.3,C,0.0,1971-72,1.2,5.7,TOT,0.491
2.6,0.473,5.4,0.0,0.0,0.1,0.8,22.0,0.0,3.0,2.6,0.469,5.5,1.4,0.614,2.3,38.0,0.0,owensto01,ABA,16.2,2.3,2.3,6.6,C,0.0,1971-72,1.3,5.2,MMP,0.469
3.2,0.516,6.1,0.0,0.333,0.1,0.7,22.0,0.0,3.7,3.2,0.513,6.2,1.8,0.632,2.8,31.0,0.0,owensto01,ABA,16.2,2.5,2.6,8.2,C,0.0,1971-72,1.0,6.2,CAR,0.516
4.7,0.542,8.7,0.0,0.0,0.0,1.1,23.0,0.0,5.0,4.7,0.541,8.8,2.3,0.68,3.4,83.0,0.0,owensto01,ABA,26.6,2.8,3.8,11.8,C,0.0,1972-73,2.1,7.8,CAR,0.541
5.5,0.528,10.3,0.0,0.333,0.1,1.6,24.0,0.5,5.1,5.5,0.527,10.4,2.8,0.769,3.6,81.0,0.0,owensto01,ABA,28.2,3.7,3.8,13.8,PF,0.7,1973-74,2.1,8.9,CAR,0.528
6.2,0.528,11.8,0.0,0.0,0.0,2.5,25.0,1.0,7.4,6.2,0.527,11.8,2.6,0.7509999999999999,3.5,82.0,0.0,owensto01,ABA,32.3,3.6,3.2,15.1,C,0.4,1974-75,1.9,11.0,TOT,0.527
2.8,0.5379999999999999,5.2,0.0,0.0,0.0,1.4,25.0,0.6,3.0,2.8,0.5379999999999999,5.2,1.0,0.556,1.8,5.0,0.0,owensto01,ABA,17.8,2.2,1.8,6.6,C,0.4,1974-75,1.2,5.2,SSL,0.5379999999999999
6.5,0.528,12.2,0.0,0.0,0.0,2.6,25.0,1.0,7.7,6.5,0.527,12.2,2.8,0.757,3.6,77.0,0.0,owensto01,ABA,33.2,3.7,3.3,15.7,C,0.4,1974-75,1.9,11.4,MMS,0.527
2.4,0.482,5.0,0.0,0.0,0.0,0.9,26.0,0.6,2.7,2.4,0.482,5.0,1.2,0.713,1.7,74.0,0.0,owensto01,ABA,15.0,1.6,2.7,6.1,C,0.1,1975-76,1.0,4.3,TOT,0.482
2.4,0.438,5.5,0.0,0.0,0.0,1.0,26.0,0.9,3.2,2.4,0.438,5.5,1.4,0.591,2.3,19.0,0.0,owensto01,ABA,17.2,1.7,2.6,6.2,C,0.3,1975-76,1.4,4.9,KEN,0.438
2.6,0.512,5.1,0.0,0.0,0.0,0.6,26.0,0.7,2.6,2.6,0.512,5.1,1.3,0.8,1.6,16.0,0.0,owensto01,ABA,15.2,1.8,3.3,6.5,C,0.1,1975-76,1.2,4.3,INA,0.512
2.3,0.495,4.7,0.0,0.0,0.0,1.1,26.0,0.3,2.6,2.3,0.495,4.7,1.2,0.767,1.5,39.0,0.0,owensto01,ABA,13.8,1.4,2.5,5.8,C,0.1,1975-76,0.7,4.0,SAA,0.495
1.5,0.504,2.9,0.0,0.0,0.0,0.4,27.0,0.3,2.1,1.5,0.504,2.9,1.1,0.684,1.7,46.0,0.0,owensto01,NBA,10.0,1.0,2.1,4.1,C,0.1,1976-77,0.0,3.1,HOU,0.504
3.8,0.49,7.8,0.0,0.0,0.0,2.0,28.0,0.5,4.2,3.8,0.49,7.8,2.5,0.741,3.4,82.0,0.0,owensto01,NBA,20.9,2.4,3.2,10.1,C,0.4,1977-78,1.9,6.6,POR,0.49
7.3,0.5479999999999999,13.4,0.0,0.0,0.0,3.7,29.0,0.7,5.8,7.3,0.5479999999999999,13.4,3.9,0.794,4.9,82.0,0.0,owensto01,NBA,34.0,3.2,4.0,18.5,C,0.7,1978-79,3.0,9.0,POR,0.5479999999999999
6.8,0.514,13.2,0.0,0.5,0.0,2.6,30.0,0.7,5.1,6.8,0.514,13.3,2.8,0.753,3.7,76.0,0.0,owensto01,NBA,30.8,2.5,3.6,16.4,C,0.6,1979-80,2.3,7.5,POR,0.514
4.1,0.514,7.9,0.0,0.0,0.1,1.8,31.0,0.6,3.7,4.1,0.511,8.0,2.4,0.764,3.2,79.0,0.0,owensto01,NBA,23.3,2.1,3.5,10.6,PF,0.5,1980-81,1.6,5.8,POR,0.511
4.0,0.47,8.6,0.0,0.5,0.0,1.7,32.0,0.5,3.1,4.0,0.47,8.6,2.4,0.8009999999999999,3.1,74.0,40.0,owensto01,NBA,21.6,1.9,3.5,10.5,PF,0.6,1981-82,1.9,5.0,IND,0.471
1.7,0.422,3.9,0.0,0.0,0.0,0.9,33.0,0.3,2.4,1.7,0.422,3.9,0.9,0.682,1.3,49.0,4.0,owensto01,NBA,14.8,1.3,2.3,4.2,C,0.2,1982-83,1.0,3.8,DET,0.422
1.3,0.423,3.1,0.0,0.2,0.1,0.3,24.0,0.4,1.7,1.3,0.417,3.2,0.5,0.565,0.8,57.0,1.0,owesra01,NBA,10.4,1.1,1.5,3.1,PF,0.3,1996-97,0.4,2.9,GSW,0.419
0.6,0.486,1.2,0.0,0.0,0.0,0.1,19.0,0.3,1.4,0.6,0.486,1.2,0.3,0.75,0.4,30.0,1.0,oyedeol01,NBA,7.4,0.8,1.3,1.5,C,0.2,2000-01,0.4,2.2,SEA,0.486
0.6,0.537,1.1,0.0,0.0,0.0,0.1,20.0,0.1,1.4,0.6,0.537,1.1,0.3,0.611,0.5,36.0,1.0,oyedeol01,NBA,6.1,0.8,1.0,1.5,C,0.1,2001-02,0.4,2.2,SEA,0.537
0.4,0.435,0.9,0.0,0.0,0.0,0.2,21.0,0.1,1.5,0.4,0.435,0.9,0.3,0.636,0.4,27.0,3.0,oyedeol01,NBA,5.4,0.4,1.1,1.0,C,0.2,2002-03,0.2,1.9,ORL,0.435
