,2P,2P%,2PA,3P,3P%,3PA,AST,Age,BLK,DRB,FG,FG%,FGA,FT,FT%,FTA,G,GS,Id,Lg,MP,ORB,PF,PTS,Pos,STL,Season,TOV,TRB,Tm,eFG%
0,1.4,0.371,3.9,0.0,0.0,0.0,0.9,23.0,0.0,0.0,1.4,0.371,3.9,1.1,0.667,1.7,9.0,0.0,vacenst01,ABA,8.1,0.0,1.6,4.0,PG,0.0,1967-68,1.0,1.7,PTP,0.371
1,4.8,0.40399999999999997,11.8,0.0,0.25,0.1,2.8,24.0,0.0,2.0,4.8,0.402,11.9,2.8,0.777,3.6,60.0,0.0,vacenst01,ABA,26.5,1.5,2.6,12.4,PG,0.0,1968-69,2.3,3.5,MNP,0.40399999999999997
2,1.1,0.263,4.1,0.0,0.0,0.1,1.4,25.0,0.0,0.6,1.1,0.254,4.2,0.9,0.591,1.6,14.0,0.0,vacenst01,ABA,12.4,0.4,1.6,3.1,PG,0.0,1969-70,0.7,0.9,TOT,0.254
3,1.0,0.154,6.5,0.0,0.0,0.0,1.5,25.0,0.0,0.0,1.0,0.154,6.5,1.0,1.0,1.0,2.0,0.0,vacenst01,ABA,18.0,0.5,2.0,3.0,PG,0.0,1969-70,1.0,0.5,PTP,0.154
4,1.1,0.295,3.7,0.0,0.0,0.2,1.4,25.0,0.0,0.7,1.1,0.28300000000000003,3.8,0.9,0.55,1.7,12.0,0.0,vacenst01,ABA,11.4,0.3,1.5,3.1,PG,0.0,1969-70,0.7,1.0,MMF,0.28300000000000003
0,3.3,0.557,5.9,0.0,0.0,0.0,0.7,20.0,1.3,4.0,3.3,0.557,5.9,2.4,0.789,3.0,62.0,57.0,valanjo01,NBA,23.9,2.0,3.0,8.9,C,0.3,2012-13,1.5,6.0,TOR,0.557
1,4.4,0.532,8.3,0.0,0.0,0.0,0.7,21.0,0.9,6.0,4.4,0.531,8.3,2.4,0.762,3.2,81.0,81.0,valanjo01,NBA,28.2,2.8,3.1,11.3,C,0.3,2013-14,1.7,8.8,TOR,0.531
2,4.7,0.573,8.1,0.0,0.0,0.0,0.5,22.0,1.2,6.0,4.7,0.5720000000000001,8.2,2.7,0.7859999999999999,3.5,80.0,80.0,valanjo01,NBA,26.2,2.7,2.8,12.0,C,0.4,2014-15,1.4,8.7,TOR,0.5720000000000001
3,5.1,0.565,8.9,0.0,0.0,0.0,0.7,23.0,1.3,6.1,5.1,0.565,8.9,2.7,0.7609999999999999,3.6,60.0,59.0,valanjo01,NBA,26.0,3.1,2.6,12.8,C,0.4,2015-16,1.4,9.1,TOR,0.565
4,4.9,0.557,8.8,0.0,0.5,0.0,0.7,24.0,0.8,6.7,4.9,0.557,8.8,2.2,0.8109999999999999,2.7,80.0,80.0,valanjo01,NBA,25.8,2.8,2.7,12.0,C,0.5,2016-17,1.3,9.5,TOR,0.5579999999999999
5,4.7,0.5870000000000001,8.0,0.4,0.405,1.0,1.1,25.0,0.9,6.2,5.1,0.568,8.9,2.2,0.8059999999999999,2.7,77.0,77.0,valanjo01,NBA,22.4,2.4,2.5,12.7,C,0.4,2017-18,1.5,8.6,TOR,0.59
0,2.3,0.42100000000000004,5.4,0.0,0.0,0.1,3.3,22.0,0.0,1.2,2.3,0.413,5.5,1.9,0.76,2.4,82.0,14.0,valenda01,NBA,16.9,0.6,2.3,6.4,PG,1.1,1981-82,1.5,1.8,POR,0.413
1,4.4,0.455,9.8,0.0,0.0,0.0,6.2,23.0,0.1,1.8,4.4,0.45399999999999996,9.8,3.6,0.7929999999999999,4.5,47.0,36.0,valenda01,NBA,27.6,0.7,3.0,12.5,PG,2.1,1982-83,2.8,2.5,POR,0.45399999999999996
2,3.7,0.45,8.2,0.0,0.0,0.0,5.8,24.0,0.1,1.1,3.7,0.447,8.3,2.9,0.789,3.6,68.0,60.0,valenda01,NBA,27.8,0.7,2.6,10.2,PG,1.6,1983-84,2.2,1.9,POR,0.447
3,4.3,0.474,9.0,0.0,0.0,0.0,7.0,25.0,0.1,2.2,4.3,0.473,9.1,3.1,0.7929999999999999,3.9,75.0,59.0,valenda01,NBA,30.4,0.7,2.5,11.6,PG,1.9,1984-85,2.6,2.9,POR,0.473
4,2.5,0.42,6.0,0.1,0.28600000000000003,0.2,4.0,26.0,0.0,1.5,2.6,0.415,6.3,2.1,0.743,2.8,62.0,29.0,valenda01,NBA,19.6,0.5,2.0,7.4,PG,1.2,1985-86,1.9,2.0,TOT,0.42
5,3.3,0.44799999999999995,7.3,0.0,0.33299999999999996,0.1,5.0,26.0,0.0,1.9,3.3,0.447,7.4,2.5,0.71,3.6,28.0,27.0,valenda01,NBA,26.2,0.7,2.8,9.1,PG,1.8,1985-86,2.1,2.6,POR,0.449
6,1.9,0.386,5.0,0.1,0.273,0.3,3.1,26.0,0.0,1.2,2.0,0.379,5.4,1.7,0.787,2.2,34.0,2.0,valenda01,NBA,14.2,0.4,1.3,5.9,PG,0.7,1985-86,1.7,1.6,LAC,0.387
7,4.0,0.426,9.5,0.2,0.23199999999999998,0.9,6.9,27.0,0.2,1.7,4.2,0.41,10.3,2.5,0.815,3.1,65.0,52.0,valenda01,NBA,27.1,0.6,2.3,11.2,PG,1.8,1986-87,2.6,2.3,LAC,0.42
8,2.6,0.41600000000000004,6.3,0.2,0.455,0.4,4.8,28.0,0.1,1.5,2.8,0.418,6.7,1.3,0.743,1.7,79.0,31.0,valenda01,NBA,20.7,0.5,1.7,7.1,PG,1.5,1987-88,1.9,2.0,LAC,0.43200000000000005
9,1.7,0.436,4.0,0.0,0.214,0.2,2.3,29.0,0.1,1.1,1.8,0.426,4.1,1.2,0.813,1.5,77.0,4.0,valenda01,NBA,14.1,0.3,1.1,4.8,SG,0.7,1988-89,1.1,1.3,CLE,0.431
10,0.0,0.0,0.0,0.0,0.0,0.0,0.0,30.0,0.0,0.0,0.0,0.0,0.0,0.0,0.0,0.0,0.0,0.0,valenda01,0,0.0,0.0,0.0,0.0,0,0.0,1989-90,0.0,0.0,Did Not Play,0.0
11,3.4,0.47600000000000003,7.2,0.1,0.24,0.4,5.4,31.0,0.2,2.1,3.5,0.46399999999999997,7.6,2.2,0.831,2.6,65.0,60.0,valenda01,NBA,28.3,0.6,2.6,9.4,PG,1.5,1990-91,1.9,2.6,CLE,0.47
0,0.5,0.363,1.4,1.3,0.35100000000000003,3.6,1.1,23.0,0.1,2.5,1.8,0.354,5.1,0.2,0.778,0.3,57.0,0.0,valende01,NBA,17.1,0.2,1.5,5.1,SG,0.5,2016-17,0.9,2.6,CHI,0.48100000000000004
1,2.1,0.45,4.6,1.9,0.386,4.8,3.2,24.0,0.1,4.5,3.9,0.41700000000000004,9.4,0.5,0.745,0.7,77.0,37.0,valende01,NBA,27.2,0.6,2.4,10.2,SG,0.8,2017-18,1.3,5.1,CHI,0.517
0,1.5,0.375,4.0,0.0,0.5,0.1,0.3,23.0,0.2,0.8,1.5,0.37799999999999995,4.1,0.4,0.474,0.8,24.0,0.0,valenro01,NBA,5.1,0.4,1.0,3.5,SF,0.3,1980-81,0.7,1.3,DEN,0.38299999999999995
0,0.0,0.0,0.0,0.0,0.0,0.0,0.9,22.0,0.0,0.0,1.4,0.358,4.0,0.9,0.763,1.2,51.0,0.0,vallejo01,NBA,8.4,0.0,1.0,3.7,SG,0.0,1970-71,0.0,0.7,ATL,0.0
1,0.0,0.0,0.0,0.0,0.0,0.0,0.8,23.0,0.0,0.0,1.4,0.40399999999999997,3.5,0.6,0.667,0.9,49.0,0.0,vallejo01,NBA,7.5,0.0,1.0,3.4,SG,0.0,1971-72,0.0,0.7,TOT,0.0
2,0.0,0.0,0.0,0.0,0.0,0.0,1.0,23.0,0.0,0.0,2.2,0.465,4.8,1.4,0.65,2.2,9.0,0.0,vallejo01,NBA,12.2,0.0,1.4,5.9,SG,0.0,1971-72,0.0,1.2,ATL,0.0
3,0.0,0.0,0.0,0.0,0.0,0.0,0.7,23.0,0.0,0.0,1.2,0.38299999999999995,3.2,0.4,0.68,0.6,40.0,0.0,vallejo01,NBA,6.4,0.0,0.9,2.9,SG,0.0,1971-72,0.0,0.5,HOU,0.0
0,0.0,0.0,0.0,0.0,0.0,0.0,2.3,22.0,0.0,0.0,4.5,0.428,10.6,3.2,0.715,4.4,79.0,0.0,vanardi01,NBA,29.0,0.0,3.0,12.3,SG,0.0,1965-66,0.0,4.8,NYK,0.0
1,0.0,0.0,0.0,0.0,0.0,0.0,3.1,23.0,0.0,0.0,5.2,0.449,11.6,4.7,0.7290000000000001,6.4,79.0,0.0,vanardi01,NBA,36.6,0.0,3.3,15.1,SG,0.0,1966-67,0.0,7.0,NYK,0.0
2,0.0,0.0,0.0,0.0,0.0,0.0,2.9,24.0,0.0,0.0,4.1,0.436,9.3,2.9,0.67,4.3,78.0,0.0,vanardi01,NBA,30.1,0.0,2.9,11.0,SG,0.0,1967-68,0.0,5.4,NYK,0.0
3,0.0,0.0,0.0,0.0,0.0,0.0,4.8,25.0,0.0,0.0,7.7,0.442,17.3,5.7,0.705,8.1,80.0,0.0,vanardi01,NBA,42.4,0.0,3.1,21.0,SG,0.0,1968-69,0.0,6.9,PHO,0.0
4,0.0,0.0,0.0,0.0,0.0,0.0,4.4,26.0,0.0,0.0,7.7,0.508,15.1,6.0,0.7979999999999999,7.5,77.0,0.0,vanardi01,NBA,38.5,0.0,3.7,21.3,SG,0.0,1969-70,0.0,3.4,PHO,0.0
5,0.0,0.0,0.0,0.0,0.0,0.0,4.1,27.0,0.0,0.0,7.5,0.452,16.6,6.8,0.8109999999999999,8.4,81.0,0.0,vanardi01,NBA,39.0,0.0,3.0,21.9,SG,0.0,1970-71,0.0,3.9,PHO,0.0
6,0.0,0.0,0.0,0.0,0.0,0.0,3.6,28.0,0.0,0.0,6.6,0.46299999999999997,14.4,6.5,0.845,7.6,82.0,0.0,vanardi01,NBA,37.8,0.0,2.8,19.7,SG,0.0,1971-72,0.0,4.1,PHO,0.0
7,0.0,0.0,0.0,0.0,0.0,0.0,3.3,29.0,0.0,0.0,6.6,0.47600000000000003,13.8,5.3,0.8590000000000001,6.1,81.0,0.0,vanardi01,NBA,36.8,0.0,2.7,18.4,SG,0.0,1972-73,0.0,4.0,PHO,0.0
8,0.0,0.0,0.0,0.0,0.0,0.0,4.2,30.0,0.2,2.0,6.6,0.5,13.2,4.6,0.853,5.4,78.0,0.0,vanardi01,NBA,36.3,0.8,3.1,17.8,SG,1.2,1973-74,0.0,2.8,PHO,0.0
9,0.0,0.0,0.0,0.0,0.0,0.0,2.8,31.0,0.2,2.0,6.0,0.47,12.8,4.0,0.8320000000000001,4.8,70.0,0.0,vanardi01,NBA,34.6,0.7,2.5,16.1,SG,1.2,1974-75,0.0,2.7,PHO,0.0
10,0.0,0.0,0.0,0.0,0.0,0.0,2.4,32.0,0.2,1.7,4.8,0.484,9.8,3.4,0.83,4.1,58.0,0.0,vanardi01,NBA,32.2,0.7,1.9,12.9,SG,0.9,1975-76,0.0,2.4,PHO,0.0
11,0.0,0.0,0.0,0.0,0.0,0.0,1.5,33.0,0.1,1.1,2.9,0.456,6.4,1.9,0.873,2.1,78.0,0.0,vanardi01,NBA,19.7,0.4,1.2,7.7,SG,0.4,1976-77,0.0,1.5,PHO,0.0
0,0.0,0.0,0.0,0.0,0.0,0.0,2.6,22.0,0.0,0.0,3.9,0.374,10.6,2.6,0.721,3.7,79.0,0.0,vanarto01,NBA,25.8,0.0,3.2,10.5,SG,0.0,1965-66,0.0,3.9,DET,0.0
1,0.0,0.0,0.0,0.0,0.0,0.0,2.4,23.0,0.0,0.0,4.4,0.391,11.2,3.4,0.784,4.4,79.0,0.0,vanarto01,NBA,27.0,0.0,3.1,12.2,SG,0.0,1966-67,0.0,4.3,DET,0.0
2,0.0,0.0,0.0,0.0,0.0,0.0,2.0,24.0,0.0,0.0,2.7,0.387,7.1,2.4,0.746,3.3,77.0,0.0,vanarto01,NBA,19.7,0.0,2.6,7.9,SG-SF,0.0,1967-68,0.0,2.9,TOT,0.0
3,0.0,0.0,0.0,0.0,0.0,0.0,1.6,24.0,0.0,0.0,2.3,0.371,6.1,2.0,0.743,2.7,50.0,0.0,vanarto01,NBA,16.6,0.0,2.4,6.6,SG,0.0,1967-68,0.0,2.6,DET,0.0
4,0.0,0.0,0.0,0.0,0.0,0.0,2.8,24.0,0.0,0.0,3.6,0.408,8.8,3.2,0.75,4.3,27.0,0.0,vanarto01,NBA,25.3,0.0,3.1,10.4,SF,0.0,1967-68,0.0,3.4,CIN,0.0
5,0.0,0.0,0.0,0.0,0.0,0.0,2.7,25.0,0.0,0.0,7.1,0.444,16.0,5.2,0.747,6.9,77.0,0.0,vanarto01,NBA,39.7,0.0,3.9,19.4,SG,0.0,1968-69,0.0,4.6,CIN,0.0
6,0.0,0.0,0.0,0.0,0.0,0.0,2.2,26.0,0.0,0.0,8.7,0.451,19.4,5.4,0.774,6.9,71.0,0.0,vanarto01,NBA,35.8,0.0,3.5,22.8,SF,0.0,1969-70,0.0,6.5,CIN,0.0
7,0.0,0.0,0.0,0.0,0.0,0.0,2.2,27.0,0.0,0.0,9.1,0.456,20.0,4.6,0.721,6.4,82.0,0.0,vanarto01,NBA,38.4,0.0,3.6,22.9,SF,0.0,1970-71,0.0,6.1,CIN,0.0
8,0.0,0.0,0.0,0.0,0.0,0.0,2.7,28.0,0.0,0.0,7.5,0.456,16.5,4.1,0.755,5.4,73.0,0.0,vanarto01,NBA,35.6,0.0,3.3,19.2,SF,0.0,1971-72,0.0,4.8,CIN,0.0
9,0.0,0.0,0.0,0.0,0.0,0.0,1.9,29.0,0.0,0.0,5.6,0.42700000000000005,13.2,3.2,0.812,3.9,79.0,0.0,vanarto01,NBA,29.3,0.0,2.8,14.4,SF,0.0,1972-73,0.0,4.5,TOT,0.0
10,0.0,0.0,0.0,0.0,0.0,0.0,1.8,29.0,0.0,0.0,5.1,0.457,11.2,2.2,0.7859999999999999,2.9,49.0,0.0,vanarto01,NBA,26.2,0.0,2.5,12.4,SF,0.0,1972-73,0.0,3.5,KCO,0.0
11,0.0,0.0,0.0,0.0,0.0,0.0,2.1,29.0,0.0,0.0,6.5,0.39299999999999996,16.5,4.7,0.833,5.6,30.0,0.0,vanarto01,NBA,34.3,0.0,3.4,17.7,SF,0.0,1972-73,0.0,6.2,PHI,0.0
12,0.0,0.0,0.0,0.0,0.0,0.0,2.6,30.0,0.0,3.9,7.9,0.428,18.4,3.8,0.851,4.5,78.0,0.0,vanarto01,NBA,39.0,1.1,3.8,19.6,SF,0.8,1973-74,0.0,5.0,PHI,0.0
13,0.0,0.0,0.0,0.0,0.0,0.0,2.7,31.0,0.0,2.5,7.2,0.428,16.9,3.9,0.759,5.2,82.0,0.0,vanarto01,NBA,34.7,0.9,3.1,18.4,SF,1.1,1974-75,0.0,3.4,TOT,0.0
14,0.0,0.0,0.0,0.0,0.0,0.0,1.8,31.0,0.0,2.4,5.4,0.42200000000000004,12.9,3.1,0.6829999999999999,4.6,9.0,0.0,vanarto01,NBA,30.3,0.8,2.9,14.0,SF,1.4,1974-75,0.0,3.2,PHI,0.0
15,0.0,0.0,0.0,0.0,0.0,0.0,2.8,31.0,0.0,2.5,7.5,0.429,17.4,4.0,0.768,5.2,73.0,0.0,vanarto01,NBA,35.2,1.0,3.2,18.9,SF,1.1,1974-75,0.0,3.4,ATL,0.0
16,0.0,0.0,0.0,0.0,0.0,0.0,1.9,32.0,0.1,2.0,4.6,0.441,10.5,1.7,0.759,2.2,75.0,0.0,vanarto01,NBA,27.0,0.5,2.7,10.9,SF,0.8,1975-76,0.0,2.5,ATL,0.0
17,0.0,0.0,0.0,0.0,0.0,0.0,0.9,33.0,0.0,1.8,2.2,0.433,5.1,1.3,0.703,1.9,77.0,0.0,vanarto01,NBA,18.5,0.6,2.1,5.8,SF,0.3,1976-77,0.0,2.4,PHO,0.0
0,0.0,0.0,0.0,0.0,0.0,0.0,0.4,24.0,0.0,0.0,0.4,0.20600000000000002,2.1,0.7,0.647,1.1,16.0,0.0,vanbrbu01,BAA,0.0,0.0,0.6,1.6,0,0.0,1946-47,0.0,0.0,NYK,0.0
1,0.0,0.0,0.0,0.0,0.0,0.0,0.7,25.0,0.0,0.0,1.2,0.276,4.4,1.7,0.617,2.7,44.0,0.0,vanbrbu01,BAA,0.0,0.0,1.8,4.1,0,0.0,1947-48,0.0,0.0,NYK,0.0
2,0.0,0.0,0.0,0.0,0.0,0.0,2.4,26.0,0.0,0.0,2.2,0.317,6.8,2.7,0.6709999999999999,4.1,59.0,0.0,vanbrbu01,BAA,0.0,0.0,2.5,7.0,0,0.0,1948-49,0.0,0.0,NYK,0.0
3,0.0,0.0,0.0,0.0,0.0,0.0,1.4,27.0,0.0,0.0,1.0,0.32899999999999996,3.0,1.7,0.716,2.4,56.0,0.0,vanbrbu01,NBA,0.0,0.0,2.0,3.7,0,0.0,1949-50,0.0,0.0,NYK,0.0
0,1.8,0.457,4.0,0.0,0.0,0.0,2.2,23.0,0.5,2.8,1.8,0.45299999999999996,4.1,2.1,0.8390000000000001,2.5,84.0,0.0,vanbrja01,ABA,19.5,1.4,2.0,5.8,SF,0.6,1974-75,1.5,4.3,DNA,0.45299999999999996
1,2.8,0.45899999999999996,6.0,0.0,0.33299999999999996,0.1,2.3,24.0,1.2,3.7,2.8,0.457,6.1,2.1,0.833,2.5,80.0,0.0,vanbrja01,ABA,24.7,1.8,2.1,7.7,SF,0.8,1975-76,1.8,5.5,TOT,0.45899999999999996
2,3.4,0.435,7.9,0.0,0.25,0.1,2.7,24.0,1.5,4.3,3.5,0.43200000000000005,8.0,2.9,0.838,3.5,37.0,0.0,vanbrja01,ABA,30.2,2.2,2.1,9.9,SF,1.0,1975-76,2.2,6.5,VIR,0.434
3,2.2,0.495,4.4,0.0,0.5,0.0,1.9,24.0,1.0,3.1,2.2,0.495,4.5,1.3,0.8240000000000001,1.6,43.0,0.0,vanbrja01,ABA,20.0,1.5,2.0,5.7,SF,0.7,1975-76,1.5,4.5,KEN,0.49700000000000005
4,3.8,0.445,8.5,0.0,0.0,0.0,1.6,25.0,0.9,4.2,3.8,0.445,8.5,2.7,0.855,3.2,72.0,0.0,vanbrja01,NBA,33.3,2.2,2.8,10.2,SF,1.0,1976-77,0.0,6.4,NYN,0.445
5,1.6,0.366,4.3,0.0,0.0,0.0,1.5,26.0,0.7,2.6,1.6,0.366,4.3,1.3,0.7070000000000001,1.8,68.0,0.0,vanbrja01,NBA,20.9,1.0,2.8,4.4,SF,0.8,1977-78,1.1,3.6,NJN,0.366
6,2.5,0.46299999999999997,5.3,0.0,0.0,0.0,2.3,27.0,0.9,3.4,2.5,0.46299999999999997,5.3,1.8,0.7979999999999999,2.3,80.0,0.0,vanbrja01,NBA,25.0,1.4,2.9,6.7,SF,1.1,1978-79,1.7,4.8,NJN,0.46299999999999997
7,2.5,0.46799999999999997,5.3,0.1,0.35,0.2,3.0,28.0,0.9,4.0,2.6,0.46299999999999997,5.6,1.6,0.8390000000000001,1.9,82.0,0.0,vanbrja01,NBA,29.3,1.3,3.7,6.8,SF,1.2,1979-80,1.9,5.2,NJN,0.47100000000000003
8,1.3,0.414,3.0,0.0,0.25,0.1,1.7,29.0,0.6,2.0,1.3,0.408,3.1,1.3,0.838,1.5,78.0,0.0,vanbrja01,NBA,18.3,0.6,2.7,3.8,SF,0.5,1980-81,1.4,2.6,NJN,0.41200000000000003
9,1.0,0.513,2.0,0.0,0.0,0.0,0.8,30.0,0.3,0.8,1.0,0.5,2.0,1.5,0.816,1.9,41.0,0.0,vanbrja01,NBA,11.0,0.4,1.5,3.5,SF,0.3,1981-82,0.7,1.2,NJN,0.5
10,0.4,0.35700000000000004,1.1,0.0,0.0,0.0,0.4,31.0,0.2,0.8,0.4,0.35700000000000004,1.1,0.4,0.833,0.5,13.0,0.0,vanbrja01,NBA,4.8,0.2,0.7,1.2,SF,0.2,1982-83,0.2,1.0,NJN,0.35700000000000004
0,3.6,0.423,8.5,1.5,0.33799999999999997,4.5,5.8,22.0,0.1,2.4,5.1,0.39399999999999996,13.0,1.9,0.7809999999999999,2.4,81.0,80.0,vanexni01,NBA,33.3,0.6,1.9,13.6,PG,1.0,1993-94,1.8,2.9,LAL,0.452
1,3.5,0.473,7.5,2.3,0.358,6.4,8.3,23.0,0.1,2.5,5.8,0.42,13.8,2.9,0.7829999999999999,3.8,80.0,80.0,vanexni01,NBA,36.8,0.3,2.0,16.9,PG,1.2,1994-95,2.8,2.8,LAL,0.503
2,3.4,0.461,7.4,1.9,0.35700000000000004,5.4,6.9,24.0,0.1,2.1,5.4,0.41700000000000004,12.8,2.2,0.799,2.8,74.0,74.0,vanexni01,NBA,34.0,0.4,1.6,14.9,PG,0.9,1995-96,2.1,2.4,LAL,0.493
3,3.2,0.42,7.7,2.2,0.37799999999999995,5.9,8.5,25.0,0.1,2.3,5.5,0.402,13.6,2.1,0.825,2.5,79.0,79.0,vanexni01,NBA,37.2,0.6,1.4,15.3,PG,0.9,1996-97,2.7,2.9,LAL,0.484
4,2.9,0.44,6.7,1.9,0.389,4.9,6.9,26.0,0.1,2.5,4.9,0.419,11.6,2.1,0.7909999999999999,2.7,64.0,46.0,vanexni01,NBA,32.1,0.5,1.9,13.8,PG,1.0,1997-98,1.6,3.0,LAL,0.501
5,4.7,0.43700000000000006,10.7,1.4,0.308,4.7,7.4,27.0,0.1,2.0,6.1,0.39799999999999996,15.4,2.8,0.8109999999999999,3.5,50.0,50.0,vanexni01,NBA,36.0,0.3,1.8,16.5,PG,0.8,1998-99,2.4,2.3,DEN,0.445
6,4.3,0.419,10.3,1.7,0.332,5.1,9.0,28.0,0.1,3.5,6.0,0.39,15.4,2.5,0.8170000000000001,3.0,79.0,79.0,vanexni01,NBA,37.3,0.4,1.9,16.1,PG,0.9,1999-00,2.8,3.9,DEN,0.445
7,4.6,0.431,10.6,1.9,0.377,5.0,8.5,29.0,0.3,2.8,6.5,0.414,15.7,2.9,0.8190000000000001,3.5,71.0,70.0,vanexni01,NBA,37.9,0.6,1.5,17.7,PG,0.9,2000-01,2.3,3.4,DEN,0.474
8,5.3,0.436,12.2,1.7,0.34,4.9,6.6,30.0,0.2,3.1,7.0,0.409,17.0,2.8,0.8009999999999999,3.5,72.0,46.0,vanexni01,NBA,34.7,0.4,1.4,18.4,PG-SG,0.6,2001-02,2.2,3.5,TOT,0.457
9,6.4,0.435,14.7,1.9,0.337,5.6,8.1,30.0,0.2,3.3,8.3,0.408,20.3,3.0,0.782,3.9,45.0,44.0,vanexni01,NBA,38.6,0.4,1.5,21.4,PG,0.7,2001-02,2.6,3.8,DEN,0.45399999999999996
10,3.5,0.44,8.0,1.3,0.34700000000000003,3.6,4.2,30.0,0.1,2.8,4.8,0.41100000000000003,11.6,2.4,0.8440000000000001,2.9,27.0,2.0,vanexni01,NBA,28.0,0.3,1.3,13.2,SG,0.5,2001-02,1.5,3.1,DAL,0.465
11,3.1,0.43200000000000005,7.1,1.6,0.37799999999999995,4.3,4.3,31.0,0.1,2.4,4.7,0.41200000000000003,11.4,1.5,0.764,2.0,73.0,1.0,vanexni01,NBA,27.8,0.5,1.2,12.5,SG,0.6,2002-03,1.7,2.8,DAL,0.483
12,3.6,0.429,8.4,1.2,0.307,3.8,5.3,32.0,0.1,2.3,4.8,0.39,12.3,1.8,0.7070000000000001,2.5,39.0,29.0,vanexni01,NBA,32.2,0.4,1.5,12.6,PG,0.5,2003-04,2.0,2.7,GSW,0.43799999999999994
13,2.2,0.375,5.7,1.9,0.389,4.8,4.3,33.0,0.0,2.7,4.0,0.381,10.6,1.1,0.784,1.4,53.0,34.0,vanexni01,NBA,30.5,0.4,1.3,11.1,SG,0.8,2004-05,1.7,3.0,POR,0.47100000000000003
14,1.2,0.429,2.9,0.8,0.35700000000000004,2.4,1.9,34.0,0.0,1.3,2.1,0.397,5.3,0.4,0.6829999999999999,0.6,65.0,2.0,vanexni01,NBA,15.2,0.1,0.9,5.5,PG,0.2,2005-06,0.9,1.4,SAS,0.47700000000000004
0,6.1,0.45799999999999996,13.3,1.1,0.308,3.6,1.7,22.0,0.4,4.3,7.2,0.426,16.9,4.2,0.846,4.9,62.0,62.0,vanhoke01,NBA,37.5,2.3,3.5,19.7,PF,1.0,1997-98,2.6,6.6,NJN,0.45899999999999996
1,7.3,0.43799999999999994,16.6,0.4,0.302,1.3,1.5,23.0,1.3,5.8,7.7,0.428,17.9,6.1,0.8590000000000001,7.1,42.0,42.0,vanhoke01,NBA,37.5,2.7,3.2,21.8,PF,1.0,1998-99,3.2,8.5,NJN,0.439
2,5.9,0.462,12.9,1.1,0.368,2.9,2.0,24.0,0.8,6.0,7.0,0.445,15.7,4.2,0.847,4.9,80.0,80.0,vanhoke01,NBA,34.8,2.5,3.2,19.2,PF,0.8,1999-00,3.1,8.5,NJN,0.478
3,5.0,0.452,11.0,1.3,0.382,3.5,1.7,25.0,0.4,5.5,6.3,0.435,14.4,3.1,0.8059999999999999,3.8,49.0,47.0,vanhoke01,NBA,35.4,1.6,3.1,17.0,SF,0.8,2000-01,2.1,7.1,NJN,0.48100000000000004
4,4.6,0.465,9.8,1.2,0.345,3.6,2.0,26.0,0.5,5.8,5.8,0.433,13.4,1.9,0.8,2.4,81.0,81.0,vanhoke01,NBA,30.4,1.7,2.7,14.8,SF,0.8,2001-02,1.8,7.5,NJN,0.479
5,5.3,0.508,10.5,0.9,0.369,2.4,1.3,27.0,0.4,4.9,6.2,0.48200000000000004,12.9,2.6,0.804,3.2,74.0,73.0,vanhoke01,NBA,31.6,2.1,3.4,15.9,PF,0.9,2002-03,2.0,7.1,PHI,0.516
6,4.4,0.473,9.3,1.3,0.39899999999999997,3.2,1.7,28.0,0.5,4.9,5.7,0.45399999999999996,12.5,3.5,0.8590000000000001,4.0,72.0,62.0,vanhoke01,NBA,32.5,2.1,3.0,16.1,SF,0.9,2003-04,2.3,7.0,TOT,0.506
7,4.5,0.47100000000000003,9.6,1.3,0.373,3.4,1.8,28.0,0.4,5.2,5.8,0.445,13.0,3.5,0.8190000000000001,4.2,47.0,47.0,vanhoke01,NBA,33.5,2.1,3.2,16.4,SF,1.1,2003-04,2.5,7.3,NYK,0.494
8,4.2,0.47700000000000004,8.7,1.3,0.45799999999999996,2.9,1.5,28.0,0.6,4.3,5.5,0.47200000000000003,11.6,3.4,0.945,3.6,25.0,15.0,vanhoke01,NBA,30.6,2.0,2.6,15.7,SF,0.6,2003-04,2.0,6.3,MIL,0.529
9,3.3,0.48100000000000004,6.8,0.9,0.38,2.3,1.2,29.0,0.3,3.3,4.1,0.456,9.1,2.1,0.815,2.5,62.0,16.0,vanhoke01,NBA,24.2,1.4,2.7,11.2,SF-PF,0.6,2004-05,1.3,4.7,TOT,0.504
10,3.0,0.473,6.3,0.9,0.385,2.4,1.2,29.0,0.3,3.3,3.9,0.449,8.6,1.7,0.862,2.0,33.0,13.0,vanhoke01,NBA,24.8,1.7,2.5,10.4,SF,0.6,2004-05,1.4,5.0,MIL,0.502
11,3.6,0.488,7.4,0.8,0.375,2.2,1.2,29.0,0.3,3.3,4.4,0.462,9.6,2.5,0.7829999999999999,3.2,29.0,3.0,vanhoke01,NBA,23.6,1.2,3.0,12.2,PF,0.5,2004-05,1.2,4.4,DAL,0.505
12,2.2,0.45399999999999996,4.7,0.9,0.368,2.6,0.7,30.0,0.2,2.6,3.1,0.424,7.3,1.8,0.8320000000000001,2.1,53.0,0.0,vanhoke01,NBA,20.6,1.0,2.3,8.9,SF,0.6,2005-06,1.3,3.6,DAL,0.488
0,0.0,0.0,0.0,0.0,0.0,0.0,6.2,22.0,0.0,0.0,3.7,0.40299999999999997,9.2,2.0,0.741,2.8,81.0,0.0,vanlino01,NBA,35.7,0.0,4.1,9.5,PG,0.0,1969-70,0.0,5.0,CIN,0.0
1,0.0,0.0,0.0,0.0,0.0,0.0,10.1,23.0,0.0,0.0,5.8,0.42,13.9,4.4,0.816,5.4,82.0,0.0,vanlino01,NBA,40.5,0.0,4.2,16.0,SG,0.0,1970-71,0.0,7.1,CIN,0.0
2,0.0,0.0,0.0,0.0,0.0,0.0,6.9,24.0,0.0,0.0,4.2,0.439,9.6,3.0,0.79,3.8,79.0,0.0,vanlino01,NBA,30.6,0.0,3.0,11.5,PG,0.0,1971-72,0.0,4.5,TOT,0.0
3,0.0,0.0,0.0,0.0,0.0,0.0,5.1,24.0,0.0,0.0,2.8,0.311,9.0,1.7,0.773,2.2,10.0,0.0,vanlino01,NBA,27.5,0.0,3.2,7.3,PG,0.0,1971-72,0.0,5.8,CIN,0.0
4,0.0,0.0,0.0,0.0,0.0,0.0,7.1,24.0,0.0,0.0,4.4,0.456,9.7,3.2,0.7909999999999999,4.0,69.0,0.0,vanlino01,NBA,31.0,0.0,3.0,12.1,PG,0.0,1971-72,0.0,4.3,CHI,0.0
5,0.0,0.0,0.0,0.0,0.0,0.0,7.1,25.0,0.0,0.0,5.9,0.445,13.3,2.1,0.787,2.6,80.0,0.0,vanlino01,NBA,36.0,0.0,3.4,13.9,PG,0.0,1972-73,0.0,5.5,CHI,0.0
6,0.0,0.0,0.0,0.0,0.0,0.0,6.9,26.0,0.1,3.3,5.3,0.406,13.1,3.6,0.778,4.6,80.0,0.0,vanlino01,NBA,35.8,1.4,3.5,14.3,PG,2.0,1973-74,0.0,4.7,CHI,0.0
7,0.0,0.0,0.0,0.0,0.0,0.0,5.8,27.0,0.2,3.5,5.8,0.42,13.9,3.4,0.792,4.3,70.0,0.0,vanlino01,NBA,37.0,1.2,3.5,15.0,PG,2.0,1974-75,0.0,4.7,CHI,0.0
8,0.0,0.0,0.0,0.0,0.0,0.0,6.6,28.0,0.3,3.6,4.8,0.366,13.0,3.1,0.737,4.2,76.0,0.0,vanlino01,NBA,39.8,1.8,3.9,12.6,PG,2.0,1975-76,0.0,5.4,CHI,0.0
9,0.0,0.0,0.0,0.0,0.0,0.0,7.8,29.0,0.2,3.2,3.7,0.41200000000000003,8.9,2.9,0.778,3.7,82.0,0.0,vanlino01,NBA,37.8,1.3,3.3,10.2,PG,1.6,1976-77,0.0,4.5,CHI,0.0
10,0.0,0.0,0.0,0.0,0.0,0.0,6.8,30.0,0.1,2.5,2.6,0.419,6.1,2.2,0.7509999999999999,2.9,78.0,0.0,vanlino01,NBA,32.4,1.1,3.6,7.3,PG,1.8,1977-78,2.6,3.6,CHI,0.0
11,0.0,0.0,0.0,0.0,0.0,0.0,4.2,31.0,0.1,0.8,0.8,0.39,2.0,1.2,0.904,1.4,38.0,0.0,vanlino01,NBA,14.6,0.2,2.8,2.8,PG,1.1,1978-79,1.3,1.1,MIL,0.0
0,0.0,0.0,0.0,0.0,0.0,0.0,0.0,23.0,0.0,1.0,0.0,0.0,0.0,2.0,1.0,2.0,1.0,0.0,vanzade01,ABA,2.0,0.0,1.0,2.0,PF,0.0,1975-76,0.0,1.0,SAA,0.0
0,0.0,0.0,0.0,0.0,0.0,0.0,1.0,24.0,0.0,0.0,3.4,0.264,12.9,1.6,0.603,2.6,48.0,0.0,vancege01,BAA,0.0,0.0,4.0,8.4,0,0.0,1947-48,0.0,0.0,CHS,0.0
1,0.0,0.0,0.0,0.0,0.0,0.0,3.0,25.0,0.0,0.0,4.0,0.33799999999999997,11.7,2.3,0.7240000000000001,3.2,56.0,0.0,vancege01,BAA,0.0,0.0,3.9,10.3,0,0.0,1948-49,0.0,0.0,CHS,0.0
2,0.0,0.0,0.0,0.0,0.0,0.0,3.5,26.0,0.0,0.0,3.1,0.33799999999999997,9.3,2.5,0.7170000000000001,3.4,35.0,0.0,vancege01,NBA,0.0,0.0,4.1,8.7,0,0.0,1949-50,0.0,0.0,TRI,0.0
3,0.0,0.0,0.0,0.0,0.0,0.0,2.0,27.0,0.0,0.0,1.6,0.40399999999999997,3.9,1.6,0.701,2.3,29.0,0.0,vancege01,NBA,0.0,0.0,3.4,4.8,0,0.0,1950-51,0.0,3.2,TRI,0.0
4,0.0,0.0,0.0,0.0,0.0,0.0,1.3,28.0,0.0,0.0,1.0,0.26899999999999996,3.7,1.3,0.643,2.0,7.0,0.0,vancege01,NBA,16.9,0.0,2.6,3.3,0,0.0,1951-52,0.0,2.1,MLH,0.0
0,0.2,0.33299999999999996,0.6,0.0,0.0,0.3,0.1,24.0,0.0,0.3,0.2,0.214,0.9,0.2,0.75,0.3,15.0,0.0,vandelo01,NBA,2.1,0.1,0.3,0.6,SF,0.0,1995-96,0.0,0.4,LAC,0.214
0,0.0,0.0,0.0,0.0,0.0,0.0,1.9,21.0,0.0,0.0,3.9,0.42100000000000004,9.3,2.2,0.664,3.3,42.0,0.0,vandeer01,NBA,0.0,0.0,3.0,10.0,0,0.0,1949-50,0.0,0.0,NYK,0.0
1,0.0,0.0,0.0,0.0,0.0,0.0,2.8,22.0,0.0,0.0,3.1,0.402,7.6,1.5,0.701,2.2,44.0,0.0,vandeer01,NBA,0.0,0.0,3.3,7.7,0,0.0,1950-51,0.0,4.4,NYK,0.0
2,0.0,0.0,0.0,0.0,0.0,0.0,2.9,23.0,0.0,0.0,3.5,0.43799999999999994,8.0,2.2,0.775,2.8,57.0,0.0,vandeer01,NBA,26.4,0.0,3.3,9.2,SF,0.0,1951-52,0.0,4.6,NYK,0.0
3,0.0,0.0,0.0,0.0,0.0,0.0,2.4,24.0,0.0,0.0,4.5,0.435,10.2,3.1,0.7659999999999999,4.0,61.0,0.0,vandeer01,NBA,28.6,0.0,4.0,12.0,SG,0.0,1952-53,0.0,5.6,NYK,0.0
4,0.0,0.0,0.0,0.0,0.0,0.0,1.9,25.0,0.0,0.0,2.5,0.359,6.9,1.7,0.8059999999999999,2.1,15.0,0.0,vandeer01,NBA,18.1,0.0,2.5,6.6,SG,0.0,1953-54,0.0,1.3,NYK,0.0
5,0.0,0.0,0.0,0.0,0.0,0.0,0.0,26.0,0.0,0.0,0.0,0.0,0.0,0.0,0.0,0.0,0.0,0.0,vandeer01,0,0.0,0.0,0.0,0.0,0,0.0,1954-55,0.0,0.0,Did Not Play (other—medical school),0.0
6,0.0,0.0,0.0,0.0,0.0,0.0,2.4,27.0,0.0,0.0,2.0,0.32299999999999995,6.2,0.4,1.0,0.4,5.0,0.0,vandeer01,NBA,15.4,0.0,3.0,4.4,0,0.0,1955-56,0.0,2.6,NYK,0.0
0,4.5,0.43200000000000005,10.4,0.0,0.0,0.1,1.8,22.0,0.5,3.6,4.5,0.426,10.5,2.5,0.818,3.1,51.0,0.0,vandeki01,NBA,27.0,1.7,2.3,11.5,SF,0.6,1980-81,1.7,5.3,DEN,0.426
1,8.6,0.565,15.2,0.0,0.077,0.2,3.0,23.0,0.4,3.8,8.6,0.56,15.4,4.2,0.857,4.9,82.0,78.0,vandeki01,NBA,33.8,1.8,2.6,21.5,PF,0.6,1981-82,2.3,5.6,DEN,0.561
2,10.1,0.556,18.1,0.2,0.294,0.6,2.5,24.0,0.5,3.8,10.3,0.547,18.7,6.0,0.875,6.8,82.0,79.0,vandeki01,NBA,35.5,1.5,2.4,26.7,PF,0.8,1982-83,2.2,5.3,DEN,0.552
3,11.3,0.562,20.2,0.1,0.36700000000000005,0.4,3.1,25.0,0.6,3.7,11.5,0.5579999999999999,20.6,6.3,0.852,7.4,78.0,71.0,vandeki01,NBA,35.1,1.1,2.4,29.4,PF,0.7,1983-84,2.0,4.8,DEN,0.562
4,8.4,0.54,15.6,0.2,0.33299999999999996,0.5,1.5,26.0,0.3,2.1,8.6,0.534,16.1,5.1,0.8959999999999999,5.7,72.0,69.0,vandeki01,NBA,34.8,1.0,1.6,22.4,SF,0.5,1984-85,1.6,3.2,POR,0.5379999999999999
5,9.1,0.542,16.8,0.0,0.125,0.1,2.4,27.0,0.2,1.6,9.1,0.54,16.9,6.6,0.8690000000000001,7.6,79.0,76.0,vandeki01,NBA,35.3,1.2,2.0,24.8,SF,0.7,1985-86,2.2,2.7,POR,0.54
6,9.7,0.525,18.5,0.5,0.48100000000000004,1.0,2.8,28.0,0.2,2.1,10.2,0.523,19.6,5.9,0.8859999999999999,6.7,79.0,79.0,vandeki01,NBA,38.3,1.1,1.7,26.9,SF,0.7,1986-87,1.8,3.2,POR,0.536
7,7.1,0.523,13.5,0.6,0.379,1.6,1.9,29.0,0.2,2.0,7.6,0.508,15.1,4.3,0.878,4.9,37.0,7.0,vandeki01,NBA,28.1,1.0,1.8,20.2,SF,0.6,1987-88,1.3,2.9,POR,0.528
8,4.0,0.479,8.4,0.4,0.396,1.1,1.5,30.0,0.2,1.0,4.4,0.469,9.5,1.8,0.899,2.0,45.0,1.0,vandeki01,NBA,20.8,0.6,1.7,11.1,PF,0.4,1988-89,0.9,1.6,TOT,0.49200000000000005
9,4.8,0.486,9.9,0.9,0.42100000000000004,2.1,1.9,30.0,0.2,1.3,5.7,0.475,12.1,1.6,0.879,1.8,18.0,1.0,vandeki01,NBA,24.0,0.6,2.2,13.9,PF,0.4,1988-89,1.0,1.9,POR,0.512
10,3.5,0.47200000000000003,7.4,0.1,0.3,0.4,1.3,30.0,0.3,0.8,3.6,0.46399999999999997,7.7,1.9,0.9109999999999999,2.1,27.0,0.0,vandeki01,NBA,18.6,0.6,1.4,9.2,PF,0.4,1988-89,0.9,1.3,NYK,0.47100000000000003
11,4.2,0.434,9.6,0.5,0.526,0.9,1.9,31.0,0.1,1.7,4.6,0.442,10.5,2.0,0.917,2.2,22.0,13.0,vandeki01,NBA,25.6,0.7,1.3,11.7,SF,0.7,1989-90,1.2,2.4,NYK,0.46299999999999997
12,5.4,0.518,10.5,0.7,0.36200000000000004,1.9,1.5,32.0,0.1,1.4,6.1,0.494,12.4,3.5,0.899,3.8,75.0,72.0,vandeki01,NBA,32.3,1.0,1.6,16.3,SF,0.6,1990-91,1.4,2.4,NYK,0.522
13,2.4,0.511,4.7,0.4,0.39399999999999996,1.0,0.9,33.0,0.1,0.9,2.8,0.491,5.7,1.0,0.802,1.2,67.0,0.0,vandeki01,NBA,14.3,0.5,1.3,7.0,SF,0.2,1991-92,0.4,1.3,NYK,0.525
14,2.0,0.48200000000000004,4.0,0.3,0.324,0.9,0.6,34.0,0.2,0.9,2.2,0.45299999999999996,5.0,1.4,0.879,1.6,41.0,3.0,vandeki01,NBA,12.0,0.3,1.1,6.2,SF,0.3,1992-93,0.5,1.2,LAC,0.483
0,2.1,0.319,6.5,0.0,0.0,0.0,1.5,22.0,0.5,3.5,2.1,0.319,6.5,0.7,0.348,2.1,11.0,0.0,vanosni01,NBA,18.4,1.9,3.1,4.9,C,0.2,1985-86,1.8,5.5,PHO,0.319
1,1.1,0.41700000000000004,2.7,0.0,0.0,0.0,0.8,23.0,0.4,2.0,1.1,0.41100000000000003,2.8,0.7,0.644,1.0,57.0,14.0,vanosni01,NBA,11.2,1.2,1.6,2.9,C,0.3,1986-87,0.8,3.2,PHO,0.41100000000000003
0,2.1,0.442,4.7,0.0,0.0,0.3,3.0,27.0,0.1,1.0,2.1,0.418,5.0,1.4,0.6,2.3,22.0,0.0,vanteda01,NBA,18.7,0.7,2.0,5.5,PG,1.0,2000-01,1.7,1.7,WAS,0.418
0,0.8,0.341,2.2,0.3,0.379,0.8,0.9,22.0,0.1,1.0,1.1,0.35100000000000003,3.0,0.5,0.818,0.6,37.0,0.0,vanvlfr01,NBA,7.9,0.1,1.0,2.9,PG,0.4,2016-17,0.4,1.1,TOR,0.401
1,1.6,0.43700000000000006,3.7,1.4,0.414,3.4,3.2,23.0,0.3,2.1,3.1,0.426,7.2,1.1,0.8320000000000001,1.3,76.0,0.0,vanvlfr01,NBA,20.0,0.3,1.7,8.6,PG,0.9,2017-18,1.0,2.4,TOR,0.525
0,2.0,0.667,3.0,0.0,0.0,0.0,0.0,22.0,0.0,1.0,2.0,0.667,3.0,1.0,1.0,1.0,1.0,0.0,vardara01,NBA,6.0,0.0,3.0,5.0,C,0.0,2001-02,1.0,1.0,DET,0.667
0,1.8,0.518,3.5,0.0,0.0,0.0,0.5,22.0,0.7,2.7,1.8,0.513,3.6,1.3,0.535,2.4,54.0,0.0,varejan01,NBA,16.0,2.0,2.3,4.9,PF,0.8,2004-05,0.5,4.8,CLE,0.513
1,1.6,0.53,3.1,0.0,0.0,0.0,0.4,23.0,0.4,3.3,1.6,0.527,3.1,1.3,0.513,2.5,48.0,4.0,varejan01,NBA,15.8,1.6,2.5,4.6,C,0.6,2005-06,0.6,4.9,CLE,0.527
2,2.4,0.48700000000000004,4.8,0.0,0.0,0.1,0.9,24.0,0.6,4.4,2.4,0.47600000000000003,5.0,2.0,0.616,3.3,81.0,6.0,varejan01,NBA,23.9,2.4,3.3,6.8,C,0.9,2006-07,0.8,6.7,CLE,0.47600000000000003
3,2.8,0.46399999999999997,6.1,0.0,0.0,0.0,1.1,25.0,0.5,5.5,2.8,0.461,6.1,1.0,0.598,1.7,48.0,13.0,varejan01,NBA,27.5,2.8,2.8,6.7,C,0.8,2007-08,1.2,8.3,CLE,0.461
4,3.3,0.5379999999999999,6.2,0.0,0.0,0.0,1.0,26.0,0.8,5.1,3.3,0.536,6.2,1.9,0.616,3.1,81.0,42.0,varejan01,NBA,28.5,2.0,3.0,8.6,PF,0.9,2008-09,1.0,7.2,CLE,0.536
5,3.5,0.5760000000000001,6.1,0.0,0.2,0.1,1.1,27.0,0.9,5.1,3.5,0.5720000000000001,6.1,1.5,0.6629999999999999,2.3,76.0,7.0,varejan01,NBA,28.5,2.5,2.9,8.6,PF,0.9,2009-10,0.9,7.6,CLE,0.573
6,3.7,0.5329999999999999,6.9,0.0,0.0,0.1,1.5,28.0,1.2,6.5,3.7,0.528,7.0,1.7,0.667,2.6,31.0,31.0,varejan01,NBA,32.1,3.2,2.8,9.1,C,0.9,2010-11,1.3,9.7,CLE,0.528
7,4.6,0.523,8.7,0.0,0.0,0.2,1.7,29.0,0.7,7.1,4.6,0.514,8.9,1.7,0.672,2.6,25.0,25.0,varejan01,NBA,31.4,4.4,2.5,10.8,C,1.4,2011-12,1.8,11.5,CLE,0.514
8,5.5,0.486,11.4,0.0,0.0,0.2,3.4,30.0,0.6,8.9,5.5,0.478,11.6,3.1,0.755,4.1,25.0,25.0,varejan01,NBA,36.0,5.5,2.7,14.1,C,1.5,2012-13,1.8,14.4,CLE,0.478
9,3.5,0.502,7.0,0.0,0.0,0.1,2.2,31.0,0.6,6.8,3.5,0.495,7.1,1.4,0.6809999999999999,2.1,65.0,29.0,varejan01,NBA,27.7,2.9,2.5,8.4,C,1.1,2013-14,1.1,9.7,CLE,0.495
10,4.3,0.561,7.6,0.0,0.0,0.1,1.3,32.0,0.6,4.3,4.3,0.555,7.7,1.3,0.733,1.7,26.0,26.0,varejan01,NBA,24.5,2.2,2.2,9.8,C,0.7,2014-15,1.3,6.5,CLE,0.555
11,1.0,0.431,2.3,0.0,0.0,0.0,0.7,33.0,0.2,2.0,1.0,0.42700000000000005,2.3,0.6,0.64,0.9,53.0,0.0,varejan01,NBA,9.4,0.7,1.3,2.6,C,0.3,2015-16,0.4,2.7,TOT,0.42700000000000005
12,1.0,0.42700000000000005,2.4,0.0,0.0,0.0,0.6,33.0,0.2,2.2,1.0,0.42100000000000004,2.5,0.5,0.762,0.7,31.0,0.0,varejan01,NBA,10.0,0.8,1.1,2.6,C,0.4,2015-16,0.5,2.9,CLE,0.42100000000000004
13,1.0,0.43799999999999994,2.2,0.0,0.0,0.0,0.7,33.0,0.2,1.7,1.0,0.43799999999999994,2.2,0.7,0.552,1.3,22.0,0.0,varejan01,NBA,8.5,0.6,1.6,2.6,C,0.2,2015-16,0.3,2.3,GSW,0.43799999999999994
14,0.4,0.35700000000000004,1.0,0.0,0.0,0.0,0.7,34.0,0.2,1.1,0.4,0.35700000000000004,1.0,0.6,0.727,0.8,14.0,1.0,varejan01,NBA,6.6,0.9,1.1,1.3,C,0.2,2016-17,0.6,1.9,GSW,0.35700000000000004
0,0.2,0.429,0.5,0.0,0.0,0.0,0.2,24.0,0.2,0.5,0.2,0.429,0.5,0.2,0.5,0.3,13.0,0.0,varnaja01,NBA,4.5,0.2,0.8,0.6,PF,0.1,2012-13,0.5,0.7,TOT,0.429
1,0.4,0.5,0.8,0.0,0.0,0.0,0.2,24.0,0.0,0.4,0.4,0.5,0.8,0.4,0.5,0.8,5.0,0.0,varnaja01,NBA,3.6,0.2,0.2,1.2,PF,0.2,2012-13,0.2,0.6,BOS,0.5
2,0.1,0.33299999999999996,0.4,0.0,0.0,0.0,0.3,24.0,0.3,0.6,0.1,0.33299999999999996,0.4,0.0,0.0,0.0,8.0,0.0,varnaja01,NBA,5.0,0.1,1.1,0.3,PF,0.0,2012-13,0.6,0.8,MIA,0.33299999999999996
3,1.5,0.6,2.5,0.0,0.0,0.0,0.5,25.0,1.2,1.8,1.5,0.6,2.5,1.1,0.519,2.2,24.0,0.0,varnaja01,NBA,14.1,0.8,2.6,4.1,PF,0.4,2013-14,0.4,2.6,TOT,0.6
4,0.0,0.0,0.0,0.0,0.0,0.0,0.0,25.0,0.0,0.0,0.0,0.0,0.0,0.0,0.0,0.0,1.0,0.0,varnaja01,NBA,2.0,0.0,1.0,0.0,PF,0.0,2013-14,0.0,0.0,CHI,0.0
5,1.6,0.6,2.6,0.0,0.0,0.0,0.6,25.0,1.3,1.9,1.6,0.6,2.6,1.2,0.519,2.3,23.0,0.0,varnaja01,NBA,14.7,0.8,2.7,4.3,PF,0.4,2013-14,0.4,2.7,PHI,0.6
0,1.0,0.47600000000000003,2.1,0.4,0.29100000000000004,1.2,2.2,24.0,0.1,0.9,1.4,0.408,3.3,0.5,0.773,0.6,70.0,1.0,vasqugr01,NBA,12.3,0.2,1.2,3.6,SG,0.3,2010-11,1.0,1.0,MEM,0.461
1,2.8,0.469,5.9,0.7,0.319,2.0,5.4,25.0,0.1,2.3,3.4,0.43,7.9,1.5,0.821,1.8,66.0,26.0,vasqugr01,NBA,25.8,0.3,1.9,8.9,SG,0.9,2011-12,2.2,2.6,NOH,0.47100000000000003
2,4.6,0.462,9.9,1.1,0.342,3.1,9.0,26.0,0.1,3.8,5.6,0.433,13.0,1.6,0.805,2.0,78.0,78.0,vasqugr01,NBA,34.4,0.6,2.4,13.9,PG,0.8,2012-13,3.2,4.3,NOH,0.474
3,2.1,0.455,4.7,1.4,0.377,3.7,4.1,27.0,0.1,1.9,3.5,0.42100000000000004,8.3,1.2,0.88,1.4,79.0,23.0,vasqugr01,NBA,22.5,0.3,1.8,9.6,SG-PG,0.4,2013-14,1.6,2.2,TOT,0.504
4,2.7,0.49,5.6,0.9,0.32,2.8,5.3,27.0,0.1,1.6,3.6,0.433,8.3,1.7,0.938,1.8,18.0,18.0,vasqugr01,NBA,25.8,0.3,2.1,9.8,PG,0.3,2013-14,1.5,1.9,SAC,0.48700000000000004
5,2.0,0.442,4.4,1.5,0.389,3.9,3.7,27.0,0.1,2.0,3.5,0.41700000000000004,8.3,1.1,0.855,1.2,61.0,5.0,vasqugr01,NBA,21.5,0.2,1.7,9.5,SG,0.4,2013-14,1.7,2.3,TOR,0.509
6,2.0,0.436,4.6,1.6,0.379,4.3,3.7,28.0,0.1,2.4,3.6,0.408,8.8,0.6,0.758,0.8,82.0,29.0,vasqugr01,NBA,24.3,0.3,2.2,9.5,PG,0.6,2014-15,1.5,2.6,TOR,0.5
7,1.2,0.415,2.8,0.8,0.247,3.2,4.0,29.0,0.0,1.8,2.0,0.326,6.0,1.0,0.846,1.1,23.0,0.0,vasqugr01,NBA,20.0,0.2,1.8,5.7,PG,0.4,2015-16,1.7,2.0,MIL,0.391
8,0.3,0.2,1.7,0.3,0.33299999999999996,1.0,1.7,30.0,0.3,0.7,0.7,0.25,2.7,0.7,0.667,1.0,3.0,0.0,vasqugr01,NBA,13.0,0.0,2.0,2.3,PG,0.3,2016-17,0.3,0.7,BRK,0.313
0,3.8,0.41700000000000004,9.2,0.0,0.0,0.0,3.3,22.0,0.0,0.0,3.8,0.41700000000000004,9.2,2.4,0.72,3.4,77.0,0.0,vaughch01,NBA,24.0,0.0,2.6,10.1,SG,0.0,1962-63,0.0,3.4,STL,0.41700000000000004
1,3.5,0.442,7.9,0.0,0.0,0.0,1.9,23.0,0.0,0.0,3.5,0.442,7.9,1.6,0.723,2.2,68.0,0.0,vaughch01,NBA,19.7,0.0,2.4,8.6,SG,0.0,1963-64,0.0,1.9,STL,0.442
2,4.6,0.424,10.8,0.0,0.0,0.0,2.1,24.0,0.0,0.0,4.6,0.424,10.8,2.4,0.752,3.2,75.0,0.0,vaughch01,NBA,26.2,0.0,2.6,11.6,SG,0.0,1964-65,0.0,2.3,STL,0.424
3,3.3,0.384,8.5,0.0,0.0,0.0,2.5,25.0,0.0,0.0,3.3,0.384,8.5,1.9,0.736,2.6,56.0,0.0,vaughch01,NBA,21.8,0.0,1.8,8.4,PG,0.0,1965-66,0.0,1.9,TOT,0.384
4,3.8,0.375,10.1,0.0,0.0,0.0,1.9,25.0,0.0,0.0,3.8,0.375,10.1,2.4,0.742,3.3,19.0,0.0,vaughch01,NBA,23.4,0.0,2.1,10.0,PG,0.0,1965-66,0.0,2.4,STL,0.375
5,3.0,0.39,7.6,0.0,0.0,0.0,2.8,25.0,0.0,0.0,3.0,0.39,7.6,1.6,0.732,2.2,37.0,0.0,vaughch01,NBA,20.9,0.0,1.6,7.6,PG,0.0,1965-66,0.0,1.7,DET,0.39
6,1.7,0.376,4.4,0.0,0.0,0.0,1.5,26.0,0.0,0.0,1.7,0.376,4.4,1.0,0.6759999999999999,1.5,51.0,0.0,vaughch01,NBA,13.3,0.0,1.1,4.3,SG,0.0,1966-67,0.0,1.3,DET,0.376
7,5.1,0.39899999999999997,12.7,1.9,0.33399999999999996,5.5,1.9,27.0,0.0,0.0,6.9,0.379,18.2,4.2,0.74,5.6,74.0,0.0,vaughch01,ABA,38.6,0.0,2.7,19.9,SG,0.0,1967-68,2.3,4.0,PTP,0.43
8,3.9,0.41700000000000004,9.4,2.1,0.27699999999999997,7.6,1.6,28.0,0.0,1.8,6.0,0.355,17.0,3.7,0.769,4.8,69.0,0.0,vaughch01,ABA,33.3,0.6,2.6,17.8,SG,0.0,1968-69,2.2,2.4,MNP,0.41700000000000004
9,2.0,0.429,4.7,1.1,0.293,3.9,1.0,29.0,0.0,0.5,3.1,0.36700000000000005,8.6,2.3,0.6859999999999999,3.3,21.0,0.0,vaughch01,ABA,19.1,0.8,2.5,9.7,SG,0.0,1969-70,1.1,1.3,PTP,0.433
0,5.1,0.424,12.0,0.0,0.0,0.0,1.6,22.0,1.5,7.4,5.1,0.423,12.0,1.5,0.546,2.8,83.0,0.0,vaughda01,ABA,30.2,3.3,3.3,11.7,C,1.0,1974-75,2.3,10.8,VIR,0.423
1,1.2,0.364,3.3,0.0,0.0,0.0,0.3,23.0,0.2,1.1,1.2,0.364,3.3,0.5,0.625,0.8,10.0,0.0,vaughda01,ABA,8.6,0.8,1.5,2.9,C,0.0,1975-76,0.5,1.9,VIR,0.364
0,0.8,0.342,2.4,0.0,0.0,0.0,0.2,22.0,0.5,1.4,0.8,0.33799999999999997,2.4,0.3,0.556,0.5,33.0,0.0,vaughda02,NBA,8.1,1.0,2.1,1.9,PF,0.2,1995-96,0.5,2.4,ORL,0.33799999999999997
1,0.9,0.431,2.1,0.0,0.0,0.0,0.2,23.0,0.4,1.7,0.9,0.431,2.1,0.5,0.633,0.9,35.0,6.0,vaughda02,NBA,8.5,1.0,1.2,2.3,PF,0.2,1996-97,0.8,2.7,ORL,0.431
2,1.7,0.449,3.7,0.0,0.0,0.0,0.5,24.0,0.3,2.5,1.7,0.446,3.7,0.8,0.638,1.2,40.0,2.0,vaughda02,NBA,12.2,1.3,2.1,4.1,PF,0.4,1997-98,1.0,3.8,TOT,0.446
3,2.1,0.40700000000000003,5.1,0.0,0.0,0.0,0.8,24.0,0.3,3.1,2.1,0.40399999999999997,5.2,1.0,0.647,1.5,22.0,0.0,vaughda02,NBA,14.6,1.5,2.2,5.2,PF,0.5,1997-98,1.4,4.6,GSW,0.40399999999999997
4,0.3,1.0,0.3,0.0,0.0,0.0,0.0,24.0,0.0,0.3,0.3,1.0,0.3,0.7,0.5,1.3,3.0,0.0,vaughda02,NBA,2.0,0.0,0.3,1.3,PF,0.0,1997-98,0.0,0.3,CHI,1.0
5,1.3,0.5760000000000001,2.2,0.0,0.0,0.0,0.1,24.0,0.3,2.0,1.3,0.5760000000000001,2.2,0.4,0.667,0.6,15.0,2.0,vaughda02,NBA,10.7,1.3,2.3,2.9,PF,0.3,1997-98,0.6,3.3,NJN,0.5760000000000001
6,1.3,0.542,2.4,0.0,0.0,0.0,0.1,25.0,0.8,2.1,1.3,0.542,2.4,0.8,0.8,1.0,10.0,0.0,vaughda02,NBA,10.3,1.3,2.2,3.4,PF,0.2,1998-99,1.1,3.4,NJN,0.542
0,0.9,0.36,2.5,0.1,0.375,0.2,1.9,22.0,0.0,0.8,1.0,0.361,2.7,1.1,0.706,1.5,45.0,0.0,vaughja01,NBA,9.3,0.1,1.4,3.1,PG,0.2,1997-98,1.2,0.8,UTA,0.373
1,0.5,0.409,1.2,0.1,0.25,0.4,0.6,23.0,0.0,0.5,0.6,0.36700000000000005,1.6,1.1,0.833,1.3,19.0,0.0,vaughja01,NBA,4.6,0.1,0.7,2.3,PG,0.3,1998-99,0.7,0.6,UTA,0.4
2,1.2,0.41700000000000004,2.9,0.2,0.41200000000000003,0.4,1.6,24.0,0.0,0.7,1.4,0.41600000000000004,3.4,0.7,0.75,1.0,78.0,0.0,vaughja01,NBA,11.3,0.1,1.2,3.7,PG,0.4,1999-00,1.0,0.8,UTA,0.44299999999999995
3,1.7,0.444,3.8,0.4,0.385,1.0,3.9,25.0,0.0,1.6,2.1,0.433,4.8,1.6,0.78,2.0,82.0,0.0,vaughja01,NBA,19.8,0.2,1.8,6.1,PG,0.6,2000-01,1.6,1.8,UTA,0.47100000000000003
4,2.2,0.474,4.7,0.3,0.444,0.7,4.3,26.0,0.0,1.8,2.5,0.47,5.3,1.3,0.825,1.5,82.0,16.0,vaughja01,NBA,22.6,0.2,2.2,6.6,PG,0.8,2001-02,1.4,2.0,ATL,0.498
5,2.2,0.467,4.7,0.1,0.235,0.4,2.9,27.0,0.0,1.2,2.3,0.44799999999999995,5.1,1.2,0.7759999999999999,1.6,80.0,48.0,vaughja01,NBA,21.1,0.3,2.1,5.9,PG,0.8,2002-03,1.2,1.5,ORL,0.457
6,1.5,0.405,3.6,0.0,0.15,0.3,2.7,28.0,0.0,1.5,1.5,0.386,3.9,0.7,0.779,1.0,71.0,6.0,vaughja01,NBA,17.9,0.2,1.8,3.8,PG,0.6,2003-04,1.2,1.6,ATL,0.392
7,2.0,0.455,4.4,0.1,0.33299999999999996,0.2,1.9,29.0,0.0,1.3,2.1,0.449,4.6,1.1,0.835,1.3,71.0,34.0,vaughja01,NBA,19.9,0.2,1.9,5.3,SG,0.6,2004-05,0.9,1.5,NJN,0.457
8,1.3,0.444,3.0,0.0,0.16699999999999998,0.1,1.5,30.0,0.0,0.9,1.3,0.43700000000000006,3.1,0.7,0.728,1.0,80.0,6.0,vaughja01,NBA,15.4,0.2,1.8,3.4,SG,0.5,2005-06,0.7,1.1,NJN,0.439
9,1.1,0.424,2.6,0.0,0.5,0.0,2.0,31.0,0.0,0.9,1.1,0.425,2.6,0.8,0.754,1.0,64.0,4.0,vaughja01,NBA,11.9,0.1,1.2,3.0,PG,0.4,2006-07,0.6,1.1,SAS,0.428
10,1.6,0.43200000000000005,3.7,0.0,0.3,0.1,2.1,32.0,0.0,0.8,1.6,0.428,3.8,0.8,0.763,1.1,74.0,9.0,vaughja01,NBA,15.4,0.2,1.3,4.1,PG,0.3,2007-08,0.7,1.0,SAS,0.433
11,0.8,0.311,2.5,0.0,1.0,0.0,1.8,33.0,0.0,0.6,0.8,0.32,2.5,0.5,0.889,0.6,30.0,0.0,vaughja01,NBA,9.7,0.1,0.9,2.2,PG,0.2,2008-09,0.5,0.7,SAS,0.327
0,0.5,0.319,1.7,0.6,0.293,2.1,0.6,19.0,0.2,1.1,1.2,0.305,3.8,0.2,0.8,0.2,70.0,6.0,vaughra01,NBA,14.3,0.2,1.0,3.1,SG,0.4,2015-16,0.4,1.3,MIL,0.385
1,0.8,0.413,1.8,0.6,0.321,2.0,0.6,20.0,0.2,1.1,1.4,0.365,3.8,0.0,0.4,0.1,41.0,2.0,vaughra01,NBA,11.2,0.1,0.8,3.5,SG,0.5,2016-17,0.3,1.2,MIL,0.449
2,0.3,0.474,0.7,0.5,0.37799999999999995,1.3,0.5,21.0,0.1,0.6,0.8,0.41100000000000003,2.0,0.1,0.667,0.2,28.0,0.0,vaughra01,NBA,7.6,0.1,0.5,2.3,SG,0.2,2017-18,0.2,0.8,TOT,0.536
3,0.4,0.5329999999999999,0.7,0.6,0.371,1.6,0.5,21.0,0.1,0.7,1.0,0.42,2.3,0.2,0.667,0.3,22.0,0.0,vaughra01,NBA,7.9,0.1,0.5,2.7,SG,0.2,2017-18,0.2,0.8,MIL,0.55
4,0.0,0.0,0.0,0.0,0.0,0.0,1.0,21.0,0.0,0.0,0.0,0.0,0.0,0.0,0.0,0.0,1.0,0.0,vaughra01,NBA,4.0,0.0,1.0,0.0,SG,0.0,2017-18,0.0,0.0,BRK,0.0
5,0.2,0.25,0.8,0.2,0.5,0.4,0.0,21.0,0.0,0.6,0.4,0.33299999999999996,1.2,0.0,0.0,0.0,5.0,0.0,vaughra01,NBA,7.0,0.2,0.4,1.0,SG,0.2,2017-18,0.4,0.8,ORL,0.41700000000000004
0,0.0,0.0,0.0,0.0,0.0,0.0,0.6,28.0,0.0,0.0,0.9,0.192,4.6,0.9,0.536,1.6,17.0,0.0,vaughvi01,BAA,0.0,0.0,1.1,2.6,0,0.0,1946-47,0.0,0.0,BOS,0.0
0,2.4,0.49,4.9,0.0,0.0,0.0,0.5,22.0,0.3,3.1,2.4,0.48700000000000004,4.9,0.7,0.662,1.0,73.0,0.0,vaughlo01,NBA,16.1,1.7,1.8,5.5,PF,0.3,1990-91,0.7,4.8,LAC,0.48700000000000004
1,3.4,0.489,6.9,0.1,0.8,0.1,0.9,23.0,0.4,4.5,3.4,0.49200000000000005,7.0,0.7,0.797,0.9,79.0,38.0,vaughlo01,NBA,21.4,2.0,2.1,7.6,PF,0.5,1991-92,0.8,6.5,LAC,0.495
2,3.9,0.51,7.7,0.0,0.25,0.1,0.7,24.0,0.5,4.2,4.0,0.508,7.8,1.5,0.748,2.0,79.0,4.0,vaughlo01,NBA,20.9,2.1,2.2,9.4,PF,0.7,1992-93,1.1,6.2,LAC,0.509
3,5.0,0.541,9.2,0.0,0.0,0.1,1.0,25.0,0.3,5.8,5.0,0.537,9.3,1.7,0.72,2.4,75.0,56.0,vaughlo01,NBA,28.2,2.9,2.9,11.7,PF,1.0,1993-94,1.3,8.7,LAC,0.537
4,7.5,0.523,14.4,0.1,0.212,0.4,1.7,26.0,0.4,6.4,7.6,0.514,14.8,2.2,0.71,3.1,80.0,79.0,vaughlo01,NBA,37.1,3.3,3.0,17.5,PF,1.3,1994-95,2.1,9.7,LAC,0.517
5,7.1,0.528,13.4,0.1,0.368,0.2,1.4,27.0,0.5,7.6,7.1,0.525,13.6,1.9,0.727,2.6,80.0,78.0,vaughlo01,NBA,37.1,2.6,3.0,16.2,PF,1.1,1995-96,2.0,10.1,LAC,0.529
6,6.6,0.504,13.1,0.0,0.16699999999999998,0.1,1.3,28.0,0.3,7.3,6.6,0.5,13.2,1.6,0.7020000000000001,2.3,82.0,82.0,vaughlo01,NBA,34.6,2.7,2.9,14.9,PF,1.0,1996-97,1.7,10.0,LAC,0.501
7,3.6,0.439,8.2,0.0,0.0,0.2,0.7,29.0,0.2,4.9,3.6,0.429,8.4,0.3,0.375,0.8,10.0,6.0,vaughlo01,NBA,26.5,1.6,3.3,7.5,PF,0.4,1997-98,1.3,6.5,LAC,0.429
8,1.6,0.38299999999999995,4.2,0.0,0.0,0.0,0.3,30.0,0.2,3.0,1.6,0.381,4.2,0.2,0.643,0.4,37.0,10.0,vaughlo01,NBA,13.0,1.0,1.5,3.4,PF,0.4,1998-99,0.5,3.9,DET,0.381
9,0.7,0.37200000000000005,2.0,0.0,0.0,0.1,0.3,31.0,0.1,1.5,0.7,0.36,2.1,0.3,0.688,0.4,43.0,0.0,vaughlo01,NBA,6.8,0.6,1.0,1.7,PF,0.1,1999-00,0.3,2.1,DET,0.36
10,1.6,0.473,3.3,0.0,0.0,0.0,0.5,32.0,0.1,2.4,1.6,0.473,3.3,0.2,0.8,0.2,51.0,1.0,vaughlo01,NBA,10.8,1.0,1.5,3.3,PF,0.4,2000-01,0.5,3.4,TOT,0.473
11,1.5,0.455,3.3,0.0,0.0,0.0,0.4,32.0,0.1,2.4,1.5,0.455,3.3,0.1,0.667,0.2,37.0,1.0,vaughlo01,NBA,10.6,0.9,1.6,3.1,PF,0.4,2000-01,0.5,3.3,DAL,0.455
12,1.8,0.521,3.4,0.0,0.0,0.0,0.5,32.0,0.1,2.4,1.8,0.521,3.4,0.3,1.0,0.3,14.0,0.0,vaughlo01,NBA,11.2,1.1,0.9,3.9,PF,0.4,2000-01,0.6,3.6,WAS,0.521
0,8.6,0.45799999999999996,18.8,0.4,0.26,1.6,2.4,22.0,0.0,0.0,9.0,0.442,20.4,5.2,0.743,7.0,31.0,0.0,vergabo01,ABA,41.5,0.0,3.0,23.7,SG,0.0,1967-68,3.1,4.5,DLC,0.45299999999999996
1,6.3,0.423,14.9,0.3,0.27899999999999997,1.1,3.0,23.0,0.0,1.7,6.6,0.414,16.0,5.3,0.74,7.2,63.0,0.0,vergabo01,ABA,28.6,2.0,3.2,18.8,SG,0.0,1968-69,3.1,3.7,TOT,0.423
2,3.8,0.311,12.3,0.2,0.33299999999999996,0.5,1.8,23.0,0.0,1.8,4.0,0.312,12.8,3.0,0.643,4.7,6.0,0.0,vergabo01,ABA,25.0,1.7,2.7,11.2,SG,0.0,1968-69,4.2,3.5,DNR,0.318
3,3.9,0.369,10.6,0.2,0.278,0.8,1.7,23.0,0.0,1.7,4.1,0.363,11.4,4.3,0.715,6.0,24.0,0.0,vergabo01,ABA,21.7,1.1,2.8,12.8,SG,0.0,1968-69,2.1,2.8,NYA,0.37200000000000005
4,8.5,0.46,18.5,0.4,0.27699999999999997,1.4,4.1,23.0,0.0,1.7,8.9,0.447,19.9,6.5,0.762,8.5,33.0,0.0,vergabo01,ABA,34.3,2.7,3.5,24.7,SG,0.0,1968-69,3.6,4.4,HSM,0.457
5,9.8,0.45299999999999996,21.6,0.8,0.307,2.6,3.5,24.0,0.0,3.1,10.6,0.43700000000000006,24.2,5.6,0.8109999999999999,6.9,82.0,0.0,vergabo01,ABA,41.6,2.1,3.3,27.5,SG,0.0,1969-70,3.8,5.2,CAR,0.45399999999999996
6,7.2,0.466,15.4,0.1,0.22699999999999998,0.6,2.4,25.0,0.0,1.5,7.3,0.45799999999999996,16.0,4.0,0.721,5.6,75.0,0.0,vergabo01,ABA,26.8,2.2,3.0,18.8,SG,0.0,1970-71,2.2,3.7,CAR,0.462
7,6.3,0.44299999999999995,14.2,0.3,0.365,0.7,3.6,26.0,0.0,2.0,6.6,0.439,14.9,4.1,0.716,5.7,70.0,0.0,vergabo01,ABA,29.0,1.4,2.8,17.5,PG-SG,0.0,1971-72,3.2,3.4,TOT,0.44799999999999995
8,2.5,0.408,6.1,0.4,0.3,1.3,1.3,26.0,0.0,0.4,2.9,0.39,7.4,1.3,0.769,1.6,8.0,0.0,vergabo01,ABA,15.9,0.6,2.5,7.4,SG,0.0,1971-72,1.5,1.0,CAR,0.415
9,6.8,0.444,15.2,0.3,0.381,0.7,3.9,26.0,0.0,2.2,7.0,0.442,15.9,4.4,0.7140000000000001,6.2,62.0,0.0,vergabo01,ABA,30.7,1.5,2.9,18.8,PG,0.0,1971-72,3.4,3.7,PTC,0.45
10,0.0,0.0,0.0,0.0,0.0,0.0,0.0,27.0,0.0,0.0,0.0,0.0,0.0,0.0,0.0,0.0,0.0,0.0,vergabo01,0,0.0,0.0,0.0,0.0,0,0.0,1972-73,0.0,0.0,Did Not Play,0.0
11,2.0,0.452,4.4,0.0,0.0,0.0,0.8,28.0,0.0,0.3,2.0,0.452,4.4,1.0,0.625,1.5,21.0,0.0,vergabo01,NBA,10.3,0.5,1.0,5.0,SG,0.6,1973-74,0.0,0.9,POR,0.452
0,2.1,0.503,4.2,0.0,0.0,0.0,0.7,22.0,0.3,2.1,2.1,0.503,4.2,0.7,0.708,1.0,71.0,22.0,verhope01,NBA,17.0,1.5,3.0,4.9,PF,0.6,1981-82,0.8,3.6,POR,0.503
1,1.8,0.512,3.5,0.0,0.0,0.0,0.7,23.0,0.2,1.1,1.8,0.509,3.6,0.4,0.677,0.6,48.0,0.0,verhope01,NBA,11.0,0.9,2.0,4.1,PF,0.4,1982-83,0.8,2.0,POR,0.509
2,1.2,0.505,2.3,0.0,0.0,0.0,0.5,24.0,0.3,0.8,1.2,0.5,2.3,0.4,0.68,0.6,43.0,0.0,verhope01,NBA,7.6,0.6,1.7,2.7,PF,0.5,1983-84,0.5,1.4,POR,0.5
3,0.9,0.47200000000000003,2.0,0.0,0.0,0.0,0.3,25.0,0.1,0.6,0.9,0.47200000000000003,2.0,0.4,0.84,0.5,54.0,0.0,verhope01,NBA,6.8,0.5,1.6,2.3,PF,0.3,1984-85,0.4,1.2,KCK,0.47200000000000003
4,1.5,0.539,2.7,0.0,0.5,0.0,0.5,26.0,0.3,1.6,1.5,0.539,2.7,0.4,0.581,0.7,61.0,5.0,verhope01,NBA,12.3,1.1,2.3,3.4,PF,0.5,1985-86,0.5,2.6,GSW,0.542
5,1.0,0.35700000000000004,2.8,0.0,0.0,0.0,0.4,27.0,0.2,1.0,1.0,0.35700000000000004,2.8,0.0,0.0,0.0,5.0,0.0,verhope01,NBA,8.8,0.4,2.2,2.0,PF,0.4,1986-87,0.0,1.4,IND,0.35700000000000004
0,2.1,0.539,3.8,0.0,0.0,0.0,0.8,21.0,0.6,2.6,2.1,0.537,3.8,0.6,0.532,1.1,57.0,20.0,veselja01,NBA,18.9,1.8,2.7,4.7,PF,0.7,2011-12,1.1,4.4,WAS,0.537
1,1.1,0.504,2.2,0.0,0.0,0.0,0.5,22.0,0.3,1.5,1.1,0.5,2.2,0.2,0.308,0.8,51.0,4.0,veselja01,NBA,11.8,0.8,2.1,2.5,PF,0.3,2012-13,0.5,2.4,WAS,0.5
2,1.6,0.514,3.2,0.0,0.0,0.0,0.4,23.0,0.6,2.0,1.6,0.514,3.2,0.4,0.33899999999999997,1.0,54.0,1.0,veselja01,NBA,14.4,1.5,2.2,3.6,PF,1.0,2013-14,0.7,3.5,TOT,0.514
3,1.5,0.522,2.8,0.0,0.0,0.0,0.3,23.0,0.6,1.8,1.5,0.522,2.8,0.2,0.267,0.9,33.0,1.0,veselja01,NBA,14.2,1.6,1.9,3.2,PF,0.8,2013-14,0.7,3.4,WAS,0.522
4,2.0,0.506,3.9,0.0,0.0,0.0,0.5,23.0,0.8,2.4,2.0,0.506,3.9,0.5,0.423,1.2,21.0,0.0,veselja01,NBA,14.6,1.3,2.7,4.4,PF,1.3,2013-14,0.7,3.7,DEN,0.506
0,1.2,0.43200000000000005,2.8,0.2,1.0,0.2,0.5,25.0,0.0,0.3,1.5,0.475,3.1,0.3,0.667,0.5,13.0,0.0,vetragu01,NBA,6.8,0.3,0.9,3.5,SF,0.2,1992-93,0.2,0.6,MIN,0.513
0,1.0,0.5,2.0,0.0,0.0,0.0,2.0,25.0,0.0,0.0,1.0,0.5,2.0,0.0,0.0,0.0,1.0,0.0,viannjo01,NBA,9.0,0.0,3.0,2.0,SF,0.0,1991-92,1.0,0.0,DAL,0.5
0,4.5,0.503,9.0,0.9,0.327,2.6,1.1,21.0,0.8,4.2,5.4,0.46299999999999997,11.6,1.4,0.706,2.0,81.0,36.0,villach01,NBA,29.1,2.2,3.0,13.0,PF,0.7,2005-06,1.2,6.4,TOR,0.5
1,3.9,0.508,7.6,0.7,0.337,2.2,0.9,22.0,0.3,4.3,4.6,0.47,9.8,1.9,0.82,2.3,39.0,17.0,villach01,NBA,25.2,1.6,2.8,11.8,PF,0.6,2006-07,1.4,5.8,MIL,0.508
2,3.9,0.475,8.3,0.7,0.297,2.4,1.0,23.0,0.5,4.2,4.7,0.435,10.7,1.6,0.7829999999999999,2.1,76.0,31.0,villach01,NBA,24.1,1.9,2.3,11.7,PF,0.4,2007-08,1.4,6.1,MIL,0.469
3,5.1,0.479,10.7,1.1,0.345,3.3,1.8,24.0,0.7,4.7,6.2,0.447,14.0,2.6,0.838,3.1,78.0,47.0,villach01,NBA,26.9,2.0,3.3,16.2,PF,0.6,2008-09,1.8,6.7,MIL,0.488
4,3.4,0.484,7.0,1.3,0.35100000000000003,3.6,0.7,25.0,0.7,3.6,4.7,0.439,10.6,1.4,0.815,1.7,78.0,16.0,villach01,NBA,23.7,1.1,2.9,11.9,PF,0.6,2009-10,0.9,4.7,DET,0.499
5,2.5,0.488,5.1,1.6,0.387,4.3,0.6,26.0,0.6,3.2,4.1,0.442,9.3,1.2,0.767,1.5,76.0,11.0,villach01,NBA,21.9,0.7,2.3,11.1,PF,0.6,2010-11,0.9,3.9,DET,0.53
6,1.5,0.435,3.5,1.2,0.33299999999999996,3.5,0.5,27.0,0.4,3.0,2.7,0.385,7.0,0.5,0.857,0.5,13.0,0.0,villach01,NBA,13.8,0.7,1.9,7.0,PF,0.5,2011-12,0.5,3.7,DET,0.467
7,1.2,0.415,3.0,1.3,0.34700000000000003,3.8,0.8,28.0,0.6,2.8,2.5,0.377,6.7,0.4,0.551,0.7,69.0,0.0,villach01,NBA,15.8,0.7,1.4,6.8,PF,0.4,2012-13,0.6,3.5,DET,0.474
8,1.1,0.583,1.8,0.7,0.25,2.8,0.3,29.0,0.3,1.4,1.8,0.38,4.6,0.4,0.5710000000000001,0.7,20.0,0.0,villach01,NBA,9.0,0.3,0.8,4.6,PF,0.2,2013-14,0.4,1.7,DET,0.457
9,1.0,0.475,2.2,1.3,0.376,3.5,0.3,30.0,0.3,1.9,2.3,0.414,5.7,0.3,0.5710000000000001,0.5,64.0,1.0,villach01,NBA,10.6,0.5,1.0,6.3,PF,0.2,2014-15,0.4,2.3,DAL,0.529
10,1.3,0.503,2.5,0.8,0.273,2.8,0.4,31.0,0.2,2.1,2.0,0.382,5.3,0.4,0.917,0.4,62.0,4.0,villach01,NBA,10.7,0.4,1.1,5.1,PF,0.3,2015-16,0.5,2.5,DAL,0.45399999999999996
0,8.9,0.49700000000000005,17.8,0.0,0.25,0.0,2.2,22.0,0.3,4.7,8.9,0.49700000000000005,17.9,3.6,0.716,5.0,81.0,62.0,vinceja01,NBA,32.4,2.2,3.8,21.4,PF,1.1,1981-82,2.4,7.0,DAL,0.49700000000000005
1,7.7,0.49,15.7,0.0,0.0,0.0,2.6,23.0,0.6,4.6,7.7,0.489,15.7,3.3,0.784,4.2,81.0,73.0,vinceja01,NBA,33.7,2.7,3.6,18.7,PF,0.9,1982-83,2.3,7.3,DAL,0.489
2,4.1,0.436,9.5,0.0,0.0,0.0,1.9,24.0,0.2,2.7,4.1,0.435,9.5,2.8,0.7809999999999999,3.5,61.0,5.0,vinceja01,NBA,23.3,1.3,2.6,11.0,SF,0.5,1983-84,1.9,4.0,DAL,0.435
3,6.9,0.48100000000000004,14.4,0.0,0.0,0.1,2.1,25.0,0.3,6.6,6.9,0.479,14.4,4.4,0.836,5.3,79.0,47.0,vinceja01,NBA,32.2,2.3,2.9,18.2,PF,0.6,1984-85,2.2,8.9,DAL,0.479
4,5.5,0.483,11.5,0.0,0.0,0.0,2.3,26.0,0.3,3.3,5.5,0.48100000000000004,11.5,2.8,0.81,3.4,80.0,3.0,vinceja01,NBA,24.9,1.3,2.4,13.8,PF,0.8,1985-86,1.8,4.6,DAL,0.48100000000000004
5,5.4,0.449,12.0,0.0,0.0,0.1,1.7,27.0,0.3,2.8,5.4,0.447,12.0,2.5,0.769,3.3,51.0,17.0,vinceja01,NBA,27.2,1.4,2.5,13.3,SF,0.8,1986-87,1.5,4.1,WSB,0.447
6,6.1,0.466,13.1,0.0,0.25,0.1,2.0,28.0,0.4,3.1,6.1,0.466,13.1,3.2,0.805,3.9,73.0,8.0,vinceja01,NBA,24.0,1.1,2.7,15.4,SF,0.6,1987-88,1.9,4.2,DEN,0.466
7,3.6,0.406,8.8,0.0,0.33299999999999996,0.1,0.9,29.0,0.1,2.5,3.6,0.405,8.9,1.4,0.667,2.1,29.0,4.0,vinceja01,NBA,22.3,1.3,2.2,8.6,SF,0.2,1988-89,1.4,3.8,TOT,0.40700000000000003
8,2.4,0.33299999999999996,7.2,0.2,0.5,0.4,1.0,29.0,0.2,3.2,2.6,0.342,7.6,1.0,0.556,1.8,5.0,1.0,vinceja01,NBA,19.0,0.4,2.2,6.4,SF,0.2,1988-89,1.0,3.6,DEN,0.355
9,3.8,0.41700000000000004,9.1,0.0,0.0,0.0,0.9,29.0,0.1,2.3,3.8,0.41600000000000004,9.1,1.5,0.6859999999999999,2.1,24.0,3.0,vinceja01,NBA,23.0,1.5,2.2,9.0,SF,0.2,1988-89,1.5,3.8,SAS,0.41600000000000004
10,2.1,0.47,4.4,0.0,0.5,0.0,0.4,30.0,0.1,1.0,2.1,0.47,4.5,1.0,0.8370000000000001,1.2,41.0,6.0,vinceja01,NBA,11.2,0.5,1.3,5.2,SF,0.4,1989-90,0.8,1.5,TOT,0.473
11,2.6,0.423,6.1,0.1,1.0,0.1,0.5,30.0,0.1,1.4,2.6,0.429,6.2,1.9,0.892,2.2,17.0,5.0,vinceja01,NBA,15.2,0.8,1.4,7.3,SF,0.6,1989-90,0.8,2.1,PHI,0.433
12,1.7,0.532,3.2,0.0,0.0,0.0,0.4,30.0,0.1,0.8,1.7,0.526,3.3,0.3,0.667,0.5,24.0,1.0,vinceja01,NBA,8.3,0.3,1.2,3.8,SF,0.3,1989-90,0.8,1.1,LAL,0.526
0,1.0,0.36700000000000005,2.8,0.0,0.25,0.1,1.2,22.0,0.1,0.6,1.0,0.364,2.8,1.1,0.929,1.2,57.0,0.0,vincesa01,NBA,7.6,0.2,1.0,3.2,SG,0.3,1985-86,0.9,0.8,BOS,0.36700000000000005
1,1.3,0.441,3.0,0.0,0.0,0.0,1.3,23.0,0.0,0.5,1.3,0.441,3.0,1.1,0.927,1.2,46.0,5.0,vincesa01,NBA,8.1,0.1,0.7,3.7,PG,0.3,1986-87,0.7,0.6,BOS,0.441
2,2.8,0.45899999999999996,6.1,0.1,0.381,0.3,5.3,24.0,0.2,1.6,2.9,0.456,6.4,2.0,0.868,2.3,72.0,27.0,vincesa01,NBA,20.8,0.5,2.0,8.0,PG,0.8,1987-88,1.9,2.1,TOT,0.46399999999999997
3,1.6,0.48200000000000004,3.2,0.1,0.385,0.3,3.2,24.0,0.1,0.7,1.7,0.474,3.5,1.1,0.767,1.4,43.0,0.0,vincesa01,NBA,12.7,0.4,1.5,4.5,PG,0.5,1987-88,1.2,1.1,SEA,0.49
4,4.7,0.449,10.4,0.1,0.375,0.3,8.4,24.0,0.4,2.9,4.8,0.447,10.7,3.4,0.925,3.7,29.0,27.0,vincesa01,NBA,32.9,0.6,2.8,13.0,PG,1.2,1987-88,2.9,3.6,CHI,0.451
5,3.9,0.495,7.8,0.0,0.11800000000000001,0.2,4.8,25.0,0.1,2.2,3.9,0.484,8.1,1.5,0.8220000000000001,1.8,70.0,56.0,vincesa01,NBA,24.3,0.5,1.8,9.4,PG,0.8,1988-89,2.0,2.7,CHI,0.486
6,4.1,0.467,8.7,0.0,0.071,0.2,5.6,26.0,0.3,2.5,4.1,0.457,9.0,3.0,0.879,3.4,63.0,45.0,vincesa01,NBA,26.3,0.6,1.7,11.2,PG,1.0,1989-90,2.1,3.1,ORL,0.45799999999999996
7,3.0,0.446,6.8,0.1,0.158,0.4,4.0,27.0,0.1,1.8,3.1,0.431,7.2,2.0,0.825,2.4,49.0,17.0,vincesa01,NBA,19.9,0.3,1.5,8.3,PG,0.6,1990-91,1.9,2.2,ORL,0.435
8,3.8,0.44299999999999995,8.6,0.0,0.077,0.3,3.8,28.0,0.1,2.1,3.8,0.43,8.9,2.8,0.846,3.3,39.0,18.0,vincesa01,NBA,22.7,0.5,1.4,10.5,PG,0.9,1991-92,1.8,2.6,ORL,0.431
0,0.3,0.5,0.6,0.2,0.429,0.5,0.4,22.0,0.1,0.7,0.5,0.467,1.2,0.4,0.7140000000000001,0.5,13.0,0.0,vincima01,NBA,7.9,0.2,0.8,1.7,SF,0.2,2006-07,0.5,0.8,NOK,0.5670000000000001
1,0.3,0.5,0.6,0.4,0.41700000000000004,0.9,0.2,23.0,0.1,0.5,0.7,0.45,1.5,0.4,0.455,0.8,13.0,0.0,vincima01,NBA,5.3,0.1,0.3,2.2,SF,0.1,2007-08,0.2,0.6,NOH,0.575
0,0.0,0.0,0.2,0.2,0.16699999999999998,1.2,0.2,24.0,0.0,0.0,0.2,0.14300000000000002,1.4,0.2,1.0,0.2,5.0,0.0,vinsofr01,NBA,5.4,0.0,0.8,0.8,SG,0.0,1994-95,0.4,0.0,ATL,0.214
1,0.0,0.0,0.0,0.0,0.0,0.0,0.0,25.0,0.0,0.0,0.0,0.0,0.0,0.0,0.0,0.0,0.0,0.0,vinsofr01,0,0.0,0.0,0.0,0.0,0,0.0,1995-96,0.0,0.0,Did Not Play (other pro league—CBA),0.0
2,0.0,0.0,0.0,0.0,0.0,0.0,0.0,26.0,0.0,0.0,0.0,0.0,0.0,0.0,0.0,0.0,0.0,0.0,vinsofr01,0,0.0,0.0,0.0,0.0,0,0.0,1996-97,0.0,0.0,Did Not Play (other pro league—Israel),0.0
3,0.0,0.0,0.0,0.0,0.0,0.0,0.0,27.0,0.0,0.0,0.0,0.0,0.0,0.0,0.0,0.0,0.0,0.0,vinsofr01,0,0.0,0.0,0.0,0.0,0,0.0,1997-98,0.0,0.0,Did Not Play (other pro league—USBL),0.0
4,0.0,0.0,0.0,0.0,0.0,0.0,0.0,28.0,0.0,0.0,0.0,0.0,0.0,0.0,0.0,0.0,0.0,0.0,vinsofr01,0,0.0,0.0,0.0,0.0,0,0.0,1998-99,0.0,0.0,Did Not Play (other pro league—Domincan Republic),0.0
5,0.4,0.3,1.3,0.3,0.28600000000000003,0.9,0.0,29.0,0.0,0.1,0.6,0.294,2.1,0.1,0.5,0.3,8.0,0.0,vinsofr01,NBA,5.0,0.0,0.3,1.6,SG,0.4,1999-00,0.5,0.1,SEA,0.353
0,4.2,0.4,10.5,0.0,0.0,0.1,2.4,25.0,0.0,3.4,4.2,0.39799999999999996,10.5,1.5,0.78,1.9,31.0,0.0,virdecl01,ABA,26.6,1.6,2.7,9.9,SF,0.0,1972-73,1.6,5.0,KEN,0.39799999999999996
0,1.0,0.33299999999999996,3.0,0.0,0.0,0.0,0.0,24.0,0.0,0.0,1.0,0.33299999999999996,3.0,0.0,0.0,0.0,1.0,0.0,vocega01,NBA,4.0,2.0,0.0,2.0,PF,0.0,1989-90,0.0,2.0,CLE,0.33299999999999996
0,0.0,0.0,0.0,0.0,0.0,0.0,2.1,28.0,0.0,0.0,3.0,0.309,9.8,1.3,0.55,2.4,54.0,0.0,volkefl01,NBA,0.0,0.0,3.1,7.4,0,0.0,1949-50,0.0,0.0,TOT,0.0
1,0.0,0.0,0.0,0.0,0.0,0.0,0.4,28.0,0.0,0.0,1.0,0.321,3.1,0.4,0.389,1.1,17.0,0.0,volkefl01,NBA,0.0,0.0,1.9,2.4,0,0.0,1949-50,0.0,0.0,INO,0.0
2,0.0,0.0,0.0,0.0,0.0,0.0,2.8,28.0,0.0,0.0,3.9,0.308,12.8,1.7,0.5770000000000001,3.0,37.0,0.0,volkefl01,NBA,0.0,0.0,3.7,9.6,0,0.0,1949-50,0.0,0.0,DNN,0.0
0,1.7,0.496,3.5,0.2,0.382,0.5,1.2,25.0,0.3,0.9,1.9,0.48200000000000004,3.9,1.0,0.583,1.7,72.0,4.0,volkoal01,NBA,13.0,0.7,2.3,5.0,C,0.5,1989-90,0.7,1.7,ATL,0.505
1,0.0,0.0,0.0,0.0,0.0,0.0,0.0,26.0,0.0,0.0,0.0,0.0,0.0,0.0,0.0,0.0,0.0,0.0,volkoal01,0,0.0,0.0,0.0,0.0,0,0.0,1990-91,0.0,0.0,Did Not Play (injury),0.0
2,2.8,0.47100000000000003,6.0,0.5,0.318,1.4,3.2,27.0,0.4,2.1,3.3,0.441,7.4,1.6,0.631,2.6,77.0,27.0,volkoal01,NBA,19.7,1.3,2.3,8.6,C,0.9,1991-92,1.3,3.4,ATL,0.47200000000000003
0,0.0,0.0,0.0,0.0,0.0,0.0,2.4,27.0,0.0,0.0,2.0,0.35700000000000004,5.7,1.2,0.635,1.9,59.0,0.0,vonniwh01,NBA,0.0,0.0,2.2,5.3,0,0.0,1949-50,0.0,0.0,TOT,0.0
1,0.0,0.0,0.0,0.0,0.0,0.0,1.4,27.0,0.0,0.0,1.5,0.345,4.5,1.1,0.63,1.8,26.0,0.0,vonniwh01,NBA,0.0,0.0,1.8,4.2,0,0.0,1949-50,0.0,0.0,TRI,0.0
2,0.0,0.0,0.0,0.0,0.0,0.0,3.2,27.0,0.0,0.0,2.4,0.364,6.7,1.3,0.638,2.1,33.0,0.0,vonniwh01,NBA,0.0,0.0,2.4,6.2,0,0.0,1949-50,0.0,0.0,BLB,0.0
0,1.0,0.397,2.5,0.2,0.385,0.5,0.2,19.0,0.4,2.3,1.2,0.395,3.0,0.7,0.6920000000000001,1.0,25.0,0.0,vonleno01,NBA,10.4,1.1,0.8,3.3,PF,0.2,2014-15,0.4,3.4,CHO,0.428
1,1.4,0.457,3.0,0.1,0.239,0.6,0.4,20.0,0.3,2.7,1.5,0.42100000000000004,3.6,0.5,0.745,0.7,78.0,56.0,vonleno01,NBA,15.1,1.2,1.9,3.6,PF,0.3,2015-16,0.6,3.9,POR,0.441
2,1.7,0.49200000000000005,3.4,0.1,0.35,0.3,0.4,21.0,0.4,3.5,1.8,0.48100000000000004,3.6,0.8,0.638,1.3,74.0,41.0,vonleno01,NBA,17.1,1.8,2.1,4.4,PF,0.4,2016-17,0.9,5.2,POR,0.494
3,1.6,0.5,3.1,0.4,0.303,1.2,0.6,22.0,0.3,4.5,1.9,0.444,4.3,0.7,0.621,1.1,54.0,16.0,vonleno01,NBA,16.2,1.3,1.3,4.9,PF,0.4,2017-18,0.6,5.8,TOT,0.48700000000000004
4,1.4,0.5,2.7,0.1,0.33299999999999996,0.2,0.4,22.0,0.3,4.0,1.4,0.49,2.9,0.7,0.742,0.9,33.0,12.0,vonleno01,NBA,14.4,1.1,1.3,3.6,PF,0.2,2017-18,0.5,5.1,POR,0.5
5,1.9,0.5,3.7,0.9,0.3,2.9,1.0,22.0,0.3,5.2,2.7,0.413,6.6,0.6,0.48100000000000004,1.3,21.0,4.0,vonleno01,NBA,19.0,1.7,1.2,6.9,PF,0.6,2017-18,0.8,6.9,CHI,0.478
0,0.7,0.44,1.6,0.0,0.0,0.0,0.3,23.0,0.4,1.4,0.7,0.44,1.6,0.5,0.5710000000000001,0.9,16.0,2.0,voskuja01,NBA,8.9,0.8,2.4,1.9,C,0.3,2000-01,0.8,2.1,CHI,0.44
1,1.8,0.5539999999999999,3.3,0.0,0.0,0.0,0.3,24.0,0.4,2.5,1.8,0.5539999999999999,3.3,1.4,0.752,1.8,59.0,34.0,voskuja01,NBA,15.3,1.7,2.4,5.0,C,0.2,2001-02,0.8,4.2,PHO,0.5539999999999999
2,1.4,0.564,2.5,0.0,0.0,0.0,0.6,25.0,0.4,2.0,1.4,0.564,2.5,1.0,0.667,1.5,65.0,1.0,voskuja01,NBA,14.6,1.5,2.6,3.8,C,0.3,2002-03,0.7,3.5,PHO,0.564
3,2.3,0.507,4.5,0.0,0.0,0.0,0.9,26.0,0.4,3.3,2.3,0.507,4.5,2.0,0.74,2.7,66.0,43.0,voskuja01,NBA,24.3,1.9,3.9,6.6,C,0.6,2003-04,1.2,5.2,PHO,0.507
4,0.7,0.45799999999999996,1.6,0.0,0.0,0.0,0.4,27.0,0.3,1.6,0.7,0.45799999999999996,1.6,0.7,0.684,1.0,38.0,1.0,voskuja01,NBA,9.5,0.8,1.6,2.1,C,0.1,2004-05,0.5,2.4,PHO,0.45799999999999996
5,2.2,0.43799999999999994,5.1,0.0,0.33299999999999996,0.1,0.8,28.0,0.5,2.4,2.2,0.43700000000000006,5.1,0.8,0.6829999999999999,1.2,51.0,2.0,voskuja01,NBA,16.0,1.2,3.1,5.3,C,0.5,2005-06,0.6,3.6,CHA,0.439
6,1.7,0.475,3.5,0.0,0.0,0.0,0.6,29.0,0.3,2.4,1.7,0.475,3.5,1.1,0.6809999999999999,1.5,73.0,9.0,voskuja01,NBA,14.3,1.2,2.7,4.4,C,0.4,2006-07,0.8,3.5,CHA,0.475
7,0.8,0.46299999999999997,1.8,0.0,0.0,0.0,0.3,30.0,0.5,1.5,0.8,0.46299999999999997,1.8,0.5,0.828,0.7,44.0,0.0,voskuja01,NBA,8.8,0.7,1.9,2.2,C,0.2,2007-08,0.7,2.2,MIL,0.46299999999999997
8,0.3,0.267,1.2,0.0,0.0,0.0,0.2,31.0,0.1,1.0,0.3,0.267,1.2,0.3,0.7859999999999999,0.4,38.0,1.0,voskuja01,NBA,6.3,0.6,1.6,0.9,C,0.1,2008-09,0.4,1.6,TOR,0.267
0,1.9,0.5479999999999999,3.4,0.0,0.0,0.0,0.7,23.0,0.3,1.6,1.9,0.546,3.4,1.2,0.601,1.9,77.0,1.0,vraneda01,NBA,14.0,0.9,1.9,4.9,SF,0.4,1981-82,0.9,2.6,SEA,0.546
1,2.8,0.528,5.2,0.0,0.0,0.0,1.5,24.0,0.6,3.0,2.8,0.527,5.2,1.4,0.55,2.5,82.0,73.0,vraneda01,NBA,25.0,2.2,3.1,6.9,SF,0.6,1982-83,1.2,5.2,SEA,0.527
2,3.2,0.522,6.2,0.0,0.0,0.0,1.7,25.0,0.7,3.1,3.2,0.521,6.2,1.9,0.648,3.0,80.0,72.0,vraneda01,NBA,27.2,1.9,3.3,8.4,SF,0.6,1983-84,1.5,4.9,SEA,0.521
3,2.4,0.465,5.2,0.0,0.25,0.1,2.0,26.0,0.8,3.7,2.4,0.46299999999999997,5.3,0.9,0.528,1.7,76.0,70.0,vraneda01,NBA,28.5,2.0,3.4,5.8,SF,1.0,1984-85,1.6,5.7,SEA,0.46399999999999997
4,1.6,0.46799999999999997,3.5,0.0,0.0,0.1,0.9,27.0,0.4,2.1,1.6,0.461,3.6,0.5,0.52,0.9,80.0,19.0,vraneda01,NBA,19.6,1.4,2.7,3.8,SF,0.8,1985-86,0.7,3.5,SEA,0.461
5,1.0,0.436,2.3,0.0,0.2,0.1,0.5,28.0,0.4,1.6,1.0,0.428,2.4,0.4,0.467,0.8,58.0,6.0,vraneda01,NBA,14.1,0.9,2.2,2.4,SF,0.6,1986-87,0.4,2.5,PHI,0.431
6,0.9,0.449,2.1,0.0,0.0,0.1,0.6,29.0,0.6,1.3,0.9,0.43799999999999994,2.1,0.3,0.429,0.6,57.0,5.0,vraneda01,NBA,13.5,0.8,1.8,2.1,SF,0.5,1987-88,0.4,2.1,PHI,0.43799999999999994
0,0.0,0.0,1.0,0.0,0.0,0.0,0.0,21.0,0.0,0.0,0.0,0.0,1.0,0.0,0.0,0.0,1.0,0.0,vranesl01,NBA,3.0,0.0,1.0,0.0,C,0.0,2003-04,0.0,0.0,POR,0.0
0,0.8,0.462,1.7,0.0,0.0,0.0,0.1,27.0,0.9,1.2,0.8,0.462,1.7,0.3,0.556,0.6,31.0,0.0,vrankst01,NBA,5.4,0.5,1.4,1.9,C,0.0,1990-91,0.8,1.6,BOS,0.462
1,0.8,0.469,1.7,0.0,0.0,0.0,0.3,28.0,0.9,1.1,0.8,0.469,1.7,0.4,0.583,0.6,19.0,0.0,vrankst01,NBA,5.8,0.4,1.2,1.9,C,0.0,1991-92,0.5,1.5,BOS,0.469
2,0.0,0.0,0.0,0.0,0.0,0.0,0.0,29.0,0.0,0.0,0.0,0.0,0.0,0.0,0.0,0.0,0.0,0.0,vrankst01,0,0.0,0.0,0.0,0.0,0,0.0,1992-93,0.0,0.0,Did Not Play (other pro league—Greece),0.0
3,0.0,0.0,0.0,0.0,0.0,0.0,0.0,30.0,0.0,0.0,0.0,0.0,0.0,0.0,0.0,0.0,0.0,0.0,vrankst01,0,0.0,0.0,0.0,0.0,0,0.0,1993-94,0.0,0.0,Did Not Play (other pro league—Greece),0.0
4,0.0,0.0,0.0,0.0,0.0,0.0,0.0,31.0,0.0,0.0,0.0,0.0,0.0,0.0,0.0,0.0,0.0,0.0,vrankst01,0,0.0,0.0,0.0,0.0,0,0.0,1994-95,0.0,0.0,Did Not Play (other pro league—Greece),0.0
5,0.0,0.0,0.0,0.0,0.0,0.0,0.0,32.0,0.0,0.0,0.0,0.0,0.0,0.0,0.0,0.0,0.0,0.0,vrankst01,0,0.0,0.0,0.0,0.0,0,0.0,1995-96,0.0,0.0,Did Not Play (other pro league—Greece),0.0
6,1.5,0.561,2.6,0.0,0.0,0.0,0.3,33.0,1.3,2.1,1.5,0.561,2.6,0.5,0.6759999999999999,0.7,53.0,35.0,vrankst01,NBA,14.5,1.1,2.3,3.4,C,0.2,1996-97,1.0,3.2,MIN,0.561
7,1.2,0.425,2.9,0.0,0.0,0.0,0.6,34.0,1.0,3.0,1.2,0.425,2.9,0.6,0.569,1.0,65.0,38.0,vrankst01,NBA,15.3,1.1,2.0,3.0,C,0.2,1997-98,0.7,4.0,LAC,0.425
8,0.5,0.25,2.0,0.0,0.0,0.0,0.0,35.0,0.0,1.0,0.5,0.25,2.0,0.0,0.0,0.0,2.0,0.0,vrankst01,NBA,6.0,2.0,1.0,1.0,C,0.0,1998-99,0.0,3.0,LAC,0.25
0,0.9,0.385,2.4,0.0,0.0,0.1,0.8,25.0,0.5,1.6,0.9,0.37,2.5,1.3,0.737,1.7,11.0,0.0,vromabr01,NBA,8.5,0.6,2.4,3.1,C,0.5,1980-81,0.8,2.3,UTA,0.37
0,1.8,0.418,4.3,0.0,0.0,0.1,0.9,23.0,0.4,2.4,1.8,0.41200000000000003,4.3,1.0,0.64,1.6,46.0,18.0,vromaja01,NBA,15.3,1.4,2.3,4.6,C-PF,0.5,2004-05,1.4,3.8,TOT,0.41200000000000003
1,0.6,0.375,1.6,0.0,0.0,0.0,0.7,23.0,0.2,0.8,0.6,0.375,1.6,0.4,0.5710000000000001,0.7,10.0,1.0,vromaja01,NBA,5.7,0.5,1.1,1.6,PF,0.3,2004-05,0.7,1.3,PHO,0.375
2,2.1,0.42200000000000004,5.0,0.0,0.0,0.1,0.9,23.0,0.5,2.9,2.1,0.415,5.1,1.2,0.647,1.9,36.0,17.0,vromaja01,NBA,18.0,1.6,2.6,5.4,C,0.6,2004-05,1.6,4.5,NOH,0.415
3,0.6,0.39399999999999996,1.6,0.0,0.0,0.0,0.3,24.0,0.3,1.3,0.6,0.39399999999999996,1.6,0.5,0.47700000000000004,1.1,41.0,2.0,vromaja01,NBA,9.9,0.8,1.9,1.8,PF,0.3,2005-06,0.5,2.1,NOK,0.39399999999999996
0,2.5,0.452,5.5,0.1,0.375,0.2,0.6,21.0,0.7,3.1,2.6,0.45,5.7,0.4,0.529,0.7,51.0,15.0,vucevni01,NBA,15.9,1.7,2.2,5.5,C,0.4,2011-12,0.6,4.8,PHI,0.455
1,6.0,0.52,11.5,0.0,0.0,0.0,1.9,22.0,1.0,8.4,6.0,0.519,11.5,1.1,0.6829999999999999,1.6,77.0,77.0,vucevni01,NBA,33.2,3.5,2.8,13.1,C,0.8,2012-13,1.8,11.9,ORL,0.519
2,6.2,0.507,12.2,0.0,0.0,0.0,1.8,23.0,0.8,7.7,6.2,0.507,12.2,1.8,0.7659999999999999,2.4,57.0,57.0,vucevni01,NBA,31.8,3.2,3.0,14.2,C,1.1,2013-14,2.0,11.0,ORL,0.507
3,8.5,0.524,16.2,0.0,0.33299999999999996,0.1,2.0,24.0,0.7,7.7,8.5,0.523,16.3,2.2,0.752,2.9,74.0,74.0,vucevni01,NBA,34.2,3.2,3.0,19.3,C,0.7,2014-15,2.0,10.9,ORL,0.524
4,8.2,0.512,16.0,0.0,0.222,0.1,2.8,25.0,1.1,6.2,8.2,0.51,16.1,1.7,0.753,2.3,65.0,60.0,vucevni01,NBA,31.3,2.7,2.7,18.2,C,0.8,2015-16,1.9,8.9,ORL,0.511
5,6.1,0.48100000000000004,12.7,0.3,0.307,1.0,2.8,26.0,1.0,8.0,6.4,0.46799999999999997,13.7,1.4,0.669,2.1,75.0,55.0,vucevni01,NBA,28.8,2.3,2.4,14.6,C,1.0,2016-17,1.6,10.4,ORL,0.48
6,5.9,0.527,11.2,1.1,0.314,3.6,3.4,27.0,1.1,7.4,7.0,0.475,14.7,1.4,0.8190000000000001,1.6,57.0,57.0,vucevni01,NBA,29.5,1.8,2.5,16.5,C,1.0,2017-18,1.9,9.2,ORL,0.513
0,0.5,0.29600000000000004,1.5,0.5,0.27,1.8,1.5,20.0,0.1,1.4,0.9,0.282,3.3,0.5,0.9470000000000001,0.5,35.0,3.0,vujacsa01,NBA,11.5,0.4,1.2,2.9,SG,0.3,2004-05,0.4,1.8,LAL,0.355
1,0.6,0.35,1.7,0.7,0.34299999999999997,2.1,1.7,21.0,0.0,1.5,1.3,0.34600000000000003,3.8,0.6,0.885,0.6,82.0,4.0,vujacsa01,NBA,17.7,0.4,1.8,3.9,PG,0.6,2005-06,0.6,1.9,LAL,0.441
2,0.6,0.42100000000000004,1.5,0.8,0.373,2.2,0.9,22.0,0.0,1.1,1.4,0.392,3.7,0.6,0.878,0.7,73.0,4.0,vujacsa01,NBA,12.8,0.4,1.4,4.3,SG,0.6,2006-07,0.4,1.5,LAL,0.504
3,1.4,0.47600000000000003,2.9,1.6,0.43700000000000006,3.8,1.0,23.0,0.1,1.9,3.0,0.45399999999999996,6.7,1.1,0.835,1.3,72.0,0.0,vujacsa01,NBA,17.8,0.3,1.5,8.8,SG,0.5,2007-08,0.7,2.1,LAL,0.5770000000000001
4,0.9,0.41600000000000004,2.2,1.0,0.363,2.8,1.4,24.0,0.1,1.5,1.9,0.387,5.0,0.9,0.9209999999999999,1.0,80.0,0.0,vujacsa01,NBA,16.2,0.2,1.9,5.8,SG,1.0,2008-09,0.4,1.7,LAL,0.488
5,0.6,0.494,1.2,0.4,0.309,1.2,0.6,25.0,0.1,0.8,1.0,0.402,2.4,0.4,0.848,0.5,67.0,1.0,vujacsa01,NBA,8.6,0.4,1.0,2.8,SG,0.3,2009-10,0.3,1.2,LAL,0.479
6,2.1,0.426,5.0,1.4,0.37,3.9,2.0,26.0,0.1,2.3,3.6,0.402,8.9,1.2,0.8440000000000001,1.4,67.0,17.0,vujacsa01,NBA,24.6,0.4,2.0,9.8,SG,0.8,2010-11,1.0,2.8,TOT,0.483
7,0.5,0.313,1.5,0.3,0.429,0.6,0.5,26.0,0.0,0.3,0.7,0.348,2.1,0.1,0.5,0.2,11.0,0.0,vujacsa01,NBA,4.9,0.1,0.6,1.8,SG,0.1,2010-11,0.5,0.4,LAL,0.413
8,2.4,0.43200000000000005,5.7,1.7,0.369,4.6,2.3,26.0,0.1,2.7,4.1,0.40399999999999997,10.2,1.4,0.851,1.7,56.0,17.0,vujacsa01,NBA,28.5,0.5,2.3,11.4,SG,0.9,2010-11,1.1,3.3,NJN,0.486
9,0.0,0.0,0.0,0.0,0.0,0.0,0.0,27.0,0.0,0.0,0.0,0.0,0.0,0.0,0.0,0.0,0.0,0.0,vujacsa01,0,0.0,0.0,0.0,0.0,0,0.0,2011-12,0.0,0.0,Did Not Play,0.0
10,0.0,0.0,0.0,0.0,0.0,0.0,0.0,28.0,0.0,0.0,0.0,0.0,0.0,0.0,0.0,0.0,0.0,0.0,vujacsa01,0,0.0,0.0,0.0,0.0,0,0.0,2012-13,0.0,0.0,Did Not Play,0.0
11,0.5,0.33299999999999996,1.5,0.5,0.5,1.0,0.0,29.0,0.0,1.5,1.0,0.4,2.5,0.0,0.0,0.0,2.0,0.0,vujacsa01,NBA,5.0,0.0,0.5,2.5,SG,0.5,2013-14,1.5,1.5,LAC,0.5
12,0.0,0.0,0.0,0.0,0.0,0.0,0.0,30.0,0.0,0.0,0.0,0.0,0.0,0.0,0.0,0.0,0.0,0.0,vujacsa01,0,0.0,0.0,0.0,0.0,0,0.0,2014-15,0.0,0.0,Did Not Play,0.0
13,0.9,0.40299999999999997,2.2,0.9,0.364,2.3,1.4,31.0,0.1,2.0,1.7,0.38299999999999995,4.5,0.5,0.821,0.6,61.0,25.0,vujacsa01,NBA,14.9,0.4,1.4,4.9,SG,0.6,2015-16,0.7,2.4,NYK,0.47700000000000004
14,0.5,0.306,1.5,0.5,0.311,1.8,1.2,32.0,0.0,1.1,1.0,0.309,3.2,0.4,0.708,0.6,42.0,4.0,vujacsa01,NBA,9.7,0.3,0.9,3.0,SG,0.3,2016-17,0.4,1.4,NYK,0.39299999999999996
