,Player,From,To,Pos,Ht,Wt,Birth Date,Colleges
0,Mike D'Antoni,1974,1977,G,6-3	,185,"May 8, 1951",Marshall University
1,Mike Dabich,1968,1968,C,7-0	,242,"December 27, 1942",New Mexico State University
2,Ed Dahler,1952,1952,F,6-5	,190,"January 31, 1926",Duquesne University
3,Quintin Dailey,1983,1992,G,6-3	,180,"January 22, 1961",University of San Francisco
4,Samuel Dalembert,2002,2015,C,6-11	,255,"May 10, 1981",Seton Hall University
5,Howie Dallmar,1947,1949,F,6-4	,200,"May 24, 1922",Stanford University
6,Erick Dampier,1997,2012,C,6-11	,265,"July 14, 1975",Mississippi State University
7,Louie Dampier*,1968,1979,G,6-0	,170,"November 20, 1944",University of Kentucky
8,Bob Dandridge,1970,1982,F-G,6-6	,195,"November 15, 1947",Norfolk State University
9,Antonio Daniels,1998,2011,G,6-4	,195,"March 19, 1975",Bowling Green State University
10,Erik Daniels,2005,2005,F,6-8	,214,"April 1, 1982",University of Kentucky
11,Lloyd Daniels,1993,1998,G,6-7	,205,"September 4, 1967",Mount San Antonio College
12,Marquis Daniels,2004,2013,G-F,6-6	,200,"January 7, 1981",Auburn University
13,Mel Daniels*,1968,1977,C,6-9	,220,"July 20, 1944",University of New Mexico
14,Troy Daniels,2014,2018,G,6-4	,205,"July 15, 1991",Virginia Commonwealth University
15,Sasha Danilovic,1996,1997,G,6-5	,200,"February 26, 1970",
16,Adrian Dantley*,1977,1991,F-G,6-5	,208,"February 28, 1956",University of Notre Dame
17,Pete Darcey,1953,1953,C,6-7	,217,"March 3, 1930",Oklahoma State University
18,Jimmy Darden,1950,1950,G,6-1	,170,"June 19, 1922",University of Denver
19,Ollie Darden,1968,1970,F-C,6-7	,235,"July 28, 1944",University of Michigan
20,Yinka Dare,1995,1998,C,7-0	,265,"October 10, 1972",George Washington University
21,Jesse Dark,1975,1975,G,6-5	,210,"September 2, 1951",Virginia Commonwealth University
22,Rick Darnell,1976,1976,C-F,6-10	,215,"January 1, 1953",San Jose State University
23,Jimmy Darrow,1962,1962,G,5-10	,170,"September 25, 1937",Bowling Green State University
24,Luigi Datome,2014,2015,F,6-8	,215,"November 27, 1987",
25,Brad Daugherty,1987,1994,C,7-0	,245,"October 19, 1965",University of North Carolina
26,Mack Daughtry,1971,1971,G,6-3	,175,,Albany State University
27,Kornel David,1999,2001,F,6-9	,235,"October 22, 1971",
28,Jermareo Davidson,2008,2009,F,6-10	,230,"November 15, 1984",University of Alabama
29,Bob Davies*,1949,1955,G-F,6-1	,175,"January 15, 1920",Seton Hall University
30,Brandon Davies,2014,2015,F,6-10	,240,"July 25, 1991",Brigham Young University
31,Anthony Davis,2013,2018,F-C,6-10	,253,"March 11, 1993",University of Kentucky
32,Antonio Davis,1994,2006,F-C,6-9	,215,"October 31, 1968",University of Texas at El Paso
33,Aubrey Davis,1947,1947,G-F,6-2	,175,"March 28, 1921",Oklahoma Baptist University
34,Baron Davis,2000,2012,G,6-3	,209,"April 13, 1979","University of California, Los Angeles"
35,Ben Davis,1997,2000,F,6-9	,240,"December 26, 1972","University of Kansas, University of Arizona"
36,Bill Davis,1947,1947,F,6-3	,215,"October 3, 1920",University of Notre Dame
37,Bob Davis,1973,1973,F,6-7	,215,"April 2, 1950",Weber State University
38,Brad Davis,1978,1992,G,6-3	,180,"December 17, 1955",University of Maryland
39,Brian Davis,1994,1994,F-G,6-7	,200,"June 21, 1970",Duke University
40,Charles Davis,1982,1990,F,6-7	,215,"October 5, 1958",Vanderbilt University
41,Charlie Davis,1972,1974,G,6-2	,160,"September 7, 1949",Wake Forest University
42,Dale Davis,1992,2007,F-C,6-11	,230,"March 25, 1969",Clemson University
43,Deyonta Davis,2017,2018,C-F,6-11	,237,"December 2, 1996",Michigan State University
44,Dwight Davis,1973,1977,F,6-8	,220,"October 28, 1949",University of Houston
45,Ed Davis,2011,2018,F,6-10	,240,"June 5, 1989",University of North Carolina
46,Emanual Davis,1997,2003,G,6-4	,195,"August 27, 1968",Delaware State University
47,Glen Davis,2008,2015,F-C,6-9	,289,"January 1, 1986",Louisiana State University
48,Harry Davis,1979,1980,F,6-7	,220,"January 27, 1956",Florida State University
49,Hubert Davis,1993,2004,G,6-5	,183,"May 17, 1970",University of North Carolina
50,Jim Davis,1968,1975,C-F,6-9	,225,"December 18, 1941",University of Colorado
51,Johnny Davis,1977,1986,G,6-2	,170,"October 21, 1955",University of Dayton
52,Josh Davis,2004,2012,F,6-8	,235,"August 10, 1980",University of Wyoming
53,Lee Davis,1969,1976,C-F,6-8	,235,"October 11, 1945",North Carolina Central University
54,Mark Davis,1989,1989,F-G,6-6	,195,"June 8, 1963",Old Dominion University
55,Mark Davis,1996,2000,G-F,6-7	,210,"April 26, 1973","Howard College, Texas Tech University"
56,Mel Davis,1974,1977,F,6-6	,220,"November 9, 1950",St. John's University
57,Mickey Davis,1972,1977,F-G,6-7	,195,"June 16, 1950",Duquesne University
58,Mike Davis,1970,1973,G,6-3	,185,"July 26, 1946",Virginia Union University
59,Mike Davis,1983,1983,F,6-10	,230,"August 2, 1956",University of Maryland
60,Monti Davis,1981,1981,F,6-7	,205,"July 26, 1958",Tennessee State University
61,Paul Davis,2007,2010,C,6-11	,270,"July 21, 1984",Michigan State University
62,Ralph Davis,1961,1962,G,6-4	,180,"September 7, 1938",University of Cincinnati
63,Red Davis,1956,1956,C,6-7	,220,"April 22, 1932",St. John's University
64,Ricky Davis,1999,2010,G,6-6	,195,"September 23, 1979",University of Iowa
65,Ron Davis,1977,1982,G-F,6-6	,198,"May 1, 1954",Washington State University
66,Terry Davis,1990,2001,F-C,6-9	,225,"June 17, 1967",Virginia Union University
67,Walt Davis,1954,1958,C-F,6-8	,205,"January 5, 1931",Texas A&M University
68,Walter Davis,1978,1992,G-F,6-6	,193,"September 9, 1954",University of North Carolina
69,Warren Davis,1968,1973,F-C,6-6	,212,"June 30, 1943",North Carolina Agricultural and Technical State University
70,Willie Davis,1971,1971,C,6-8	,234,"August 9, 1945",University of North Texas
71,Andre Dawkins,2015,2015,G,6-5	,215,"September 19, 1991",Duke University
72,Darryl Dawkins,1976,1989,C,6-11	,251,"January 11, 1957",
73,Johnny Dawkins,1987,1995,G,6-2	,165,"September 28, 1963",Duke University
74,Paul Dawkins,1980,1980,F,6-5	,190,"June 10, 1957",Northern Illinois University
75,Branden Dawson,2016,2016,F,6-6	,225,"February 1, 1993",Michigan State University
76,Eric Dawson,2012,2012,F,6-9	,250,"July 7, 1984",Midwestern State University
77,Jimmy Dawson,1968,1968,G,6-0	,175,"April 18, 1945",University of Illinois at Urbana-Champaign
78,Tony Dawson,1991,1995,F,6-7	,215,"August 25, 1967",Florida State University
79,Todd Day,1993,2001,G-F,6-6	,188,"January 7, 1970",University of Arkansas
80,Austin Daye,2010,2015,F,6-11	,220,"June 5, 1988",Gonzaga University
81,Darren Daye,1984,1988,F-G,6-8	,220,"November 30, 1960","University of California, Los Angeles"
82,Nando De Colo,2013,2014,G,6-5	,200,"June 23, 1987",
83,Greg Deane,1980,1980,G,6-4	,190,"December 6, 1957",University of Utah
84,Billy DeAngelis,1971,1971,G,6-1	,180,"October 5, 1946",Saint Joseph's University
85,Dave DeBusschere*,1963,1974,F-G,6-6	,220,"October 16, 1940",University of Detroit Mercy
86,Andrew DeClercq,1996,2005,F-C,6-10	,230,"February 1, 1973",University of Florida
87,Dewayne Dedmon,2014,2018,C,7-0	,245,"August 12, 1989",University of Southern California
88,Don Dee,1969,1969,F,6-8	,210,"August 9, 1943",Saint Mary of the Plains College
89,Archie Dees,1959,1962,F-C,6-8	,205,"February 22, 1936",Indiana University
90,Terry Dehere,1994,1999,G,6-2	,190,"September 12, 1971",Seton Hall University
91,Red Dehnert,1947,1947,F,6-3	,175,"January 24, 1924",Columbia University
92,Bryce Dejean-Jones,2016,2016,G,6-6	,209,"August 21, 1992","University of Southern California, University of Nevada, Las Vegas, Iowa State University"
93,Sam Dekker,2016,2018,F,6-9	,230,"May 6, 1994",University of Wisconsin
94,Vinny Del Negro,1989,2002,G,6-4	,185,"August 9, 1966",North Carolina State University
95,Malcolm Delaney,2017,2018,G,6-3	,190,"March 11, 1989",Virginia Polytechnic Institute and State University
96,Bison Dele,1992,1999,F-C,6-9	,235,"April 6, 1969","University of Maryland, University of Arizona"
97,Carlos Delfino,2005,2013,G,6-6	,230,"August 29, 1982",
98,Tony Delk,1997,2006,G,6-1	,189,"January 28, 1974",University of Kentucky
99,Matthew Dellavedova,2014,2018,G,6-4	,198,"September 8, 1990",Saint Mary's College of California
100,Nate DeLong,1952,1952,C,6-6	,220,"January 5, 1926",University of Wisconsin-River Falls
101,Fennis Dembo,1989,1989,F,6-5	,215,"January 24, 1966",University of Wyoming
102,Larry Demic,1980,1982,F-C,6-9	,225,"June 27, 1957",University of Arizona
103,Dell Demps,1994,1997,G,6-3	,205,"February 12, 1970",University of the Pacific
104,George Dempsey,1955,1959,G,6-2	,190,"July 19, 1929",King's College
105,Luol Deng,2005,2018,F,6-9	,220,"April 16, 1985",Duke University
106,Kenny Dennard,1982,1984,F,6-8	,220,"October 18, 1958",Duke University
107,Blaine Denning,1953,1953,G,6-2	,175,"September 19, 1930",Lawrence Technological University
108,Justin Dentmon,2012,2013,G,5-11	,185,"September 5, 1985",University of Washington
109,Randy Denton,1972,1977,C,6-10	,240,"February 18, 1949",Duke University
110,Joe DePre,1971,1973,G,6-3	,185,"December 19, 1947",St. John's University
111,Rod Derline,1975,1976,G,6-0	,175,"March 11, 1952",Seattle University
112,DeMar DeRozan,2010,2018,G-F,6-7	,221,"August 7, 1989",University of Southern California
113,Dave Deutsch,1967,1967,G,6-1	,170,"May 13, 1945",University of Rochester
114,Corky Devlin,1956,1958,G,6-5	,195,"December 21, 1931",George Washington University
115,Hank DeZonie,1951,1951,C-F,6-6	,215,"February 12, 1922",Clark Atlanta University
116,Derrick Dial,2000,2004,G,6-4	,184,"December 20, 1975",Eastern Michigan University
117,Cheick Diallo,2017,2018,F,6-9	,220,"September 13, 1996",University of Kansas
118,Boris Diaw,2004,2017,F-C,6-8	,250,"April 16, 1982",
119,Yakhouba Diawara,2007,2010,G-F,6-7	,225,"August 29, 1982",Pepperdine University
120,Guillermo Diaz,2008,2008,G,6-2	,192,"March 4, 1985",University of Miami
121,Dan Dickau,2003,2008,G,6-0	,190,"September 16, 1978","University of Washington, Gonzaga University"
122,Kaniel Dickens,2004,2008,F,6-8	,215,"July 21, 1978","Tyler Junior College, University of Idaho"
123,Henry Dickerson,1976,1977,G,6-4	,190,"November 27, 1951",University of Charleston
124,Michael Dickerson,1999,2003,G-F,6-5	,190,"June 25, 1975",University of Arizona
125,Clyde Dickey,1975,1975,G,6-3	,185,"December 14, 1951",Boise State University
126,Derrek Dickey,1974,1978,F,6-7	,218,"March 20, 1951",University of Cincinnati
127,Dick Dickey,1952,1952,G,6-1	,175,"October 26, 1926",North Carolina State University
128,John Dickson,1968,1968,C,6-10	,240,"November 18, 1945",Arkansas State University
129,Travis Diener,2006,2010,G,6-1	,175,"March 1, 1982",Marquette University
130,Gorgui Dieng,2014,2018,C,6-11	,241,"January 18, 1990",University of Louisville
131,Connie Dierking,1959,1971,C-F,6-9	,222,"October 2, 1936",University of Cincinnati
132,Coby Dietrick,1971,1983,C-F,6-10	,220,"July 23, 1948",San Jose State University
133,Ernie DiGregorio,1974,1978,G,6-0	,180,"January 15, 1951",Providence College
134,Craig Dill,1968,1968,C,6-11	,215,"December 17, 1944",University of Michigan
135,Dwaine Dillard,1976,1976,F,6-6	,230,"March 9, 1949",Eastern Michigan University
136,Mickey Dillard,1982,1982,G,6-3	,170,"October 15, 1958",Florida State University
137,Bob Dille,1947,1947,F,6-3	,190,"July 2, 1917",Valparaiso University
138,Hook Dillon,1950,1950,F,6-3	,180,"January 8, 1924",University of North Carolina
139,Byron Dinkins,1990,1991,G,6-1	,170,"June 15, 1967",University of North Carolina at Charlotte
140,Jackie Dinkins,1972,1972,F,6-5	,210,"January 22, 1950",Voorhees College
141,Harry Dinnel,1968,1968,F-G,6-4	,200,"October 9, 1940",Pepperdine University
142,Bill Dinwiddie,1968,1972,F,6-7	,220,"July 15, 1943",New Mexico Highlands University
143,Spencer Dinwiddie,2015,2018,G,6-6	,200,"April 6, 1993",University of Colorado
144,Ike Diogu,2006,2012,F,6-8	,250,"September 11, 1983",Arizona State University
145,DeSagana Diop,2002,2013,C,7-0	,300,"January 30, 1982",
146,Terry Dischinger,1963,1973,F-G,6-7	,189,"November 21, 1940",Purdue University
147,Fred Diute,1955,1955,G,6-3	,210,"January 9, 1929",St. Bonaventure University
148,Vlade Divac,1990,2005,C,7-1	,243,"February 3, 1968",
149,Juan Dixon,2003,2009,G,6-3	,164,"October 9, 1978",University of Maryland
150,Aleksandar Djordjevic,1997,1997,G,6-2	,198,"August 26, 1967",
151,Earl Dodd,1950,1950,F,6-5	,175,"November 1, 1924",Truman State University
152,Michael Doleac,1999,2008,C,6-11	,262,"June 15, 1977",University of Utah
153,Joe Dolhon,1950,1951,G,6-0	,175,"July 9, 1927",New York University
154,Bob Doll,1947,1950,F-C,6-5	,195,"August 10, 1919",University of Colorado
155,James Donaldson,1981,1995,C,7-2	,275,"August 16, 1957",Washington State University
156,Bob Donham,1951,1954,G-F,6-2	,190,"October 11, 1926",Ohio State University
157,Billy Donovan,1988,1988,G,5-11	,171,"May 30, 1965",Providence College
158,Harry Donovan,1950,1950,G,6-2	,180,"September 10, 1926",Muhlenberg College
159,Keyon Dooling,2001,2013,G,6-3	,196,"May 8, 1980",University of Missouri
160,Jacky Dorsey,1978,1981,F,6-7	,230,"December 18, 1954",University of Georgia
161,Joey Dorsey,2009,2015,F,6-8	,268,"December 16, 1983",University of Memphis
162,Ron Dorsey,1972,1972,F,6-4	,200,"October 10, 1948",Tennessee State University
163,Tyler Dorsey,2018,2018,G,6-5	,183,"February 14, 1996",University of Oregon
164,Damyean Dotson,2018,2018,G,6-6	,205,"May 6, 1994","University of Oregon, University of Houston"
165,Quincy Douby,2007,2009,G,6-3	,175,"May 16, 1984",Rutgers University
166,Bruce Douglas,1987,1987,G,6-3	,195,"April 9, 1964",University of Illinois at Urbana-Champaign
167,John Douglas,1982,1983,G,6-2	,170,"June 12, 1956",University of Kansas
168,Leon Douglas,1977,1983,C-F,6-10	,230,"August 26, 1954",University of Alabama
169,Sherman Douglas,1990,2001,G,6-0	,180,"September 15, 1966",Syracuse University
170,Toney Douglas,2010,2017,G,6-2	,195,"March 16, 1986","Auburn University, Florida State University"
171,Chris Douglas-Roberts,2009,2015,G,6-7	,200,"January 8, 1987",University of Memphis
172,Sonny Dove,1968,1972,F,6-7	,198,"August 16, 1945",St. John's University
173,Jerry Dover,1972,1972,G,5-7	,155,"October 16, 1949",LeMoyne-Owen College
174,Zabian Dowdell,2011,2011,G,6-3	,191,"September 10, 1984",Virginia Polytechnic Institute and State University
175,Bill Downey,1948,1948,C,6-6	,210,"November 11, 1923",Marquette University
176,Steve Downing,1974,1975,C,6-8	,225,"September 9, 1950",Indiana University
177,Danny Doyle,1963,1963,F,6-8	,200,"February 6, 1940",Belmont Abbey College
178,Milton Doyle,2018,2018,G,6-4	,185,"October 31, 1993",Loyola University of Chicago
179,PJ Dozier,2018,2018,G,6-7	,201,"October 25, 1996",University of South Carolina
180,Terry Dozier,1990,1990,F,6-9	,210,"June 29, 1966",University of South Carolina
181,Goran Dragic,2009,2018,G,6-3	,190,"May 6, 1986",
182,Zoran Dragic,2015,2015,G-F,6-5	,200,"June 22, 1989",
183,Greg Dreiling,1987,1997,C,7-1	,250,"November 7, 1962","Wichita State University, University of Kansas"
184,Bryce Drew,1999,2004,G,6-2	,185,"September 21, 1974",Valparaiso University
185,John Drew,1975,1985,F-G,6-6	,205,"September 30, 1954",Gardner-Webb University
186,Larry Drew,1981,1991,G,6-1	,170,"April 2, 1958",University of Missouri
187,Larry Drew,2015,2018,G,6-2	,180,"March 5, 1990","University of North Carolina, University of California, Los Angeles"
188,Clyde Drexler*,1984,1998,G,6-7	,210,"June 22, 1962",University of Houston
189,Nate Driggers,1997,1997,G,6-5	,215,"October 12, 1973",University of Montevallo
190,Terry Driscoll,1971,1975,F,6-7	,215,"August 28, 1947",Boston College
191,Predrag Drobnjak,2002,2005,C,6-11	,270,"October 27, 1975",
192,Ralph Drollinger,1981,1981,C,7-2	,250,"April 20, 1954","University of California, Los Angeles"
193,Andre Drummond,2013,2018,C,6-11	,279,"August 10, 1993",University of Connecticut
194,Dick Duckett,1958,1958,G,6-1	,185,"March 25, 1933",St. John's University
195,Kevin Duckworth,1987,1997,C,7-0	,275,"April 1, 1964",Eastern Illinois University
196,Charles Dudley,1973,1979,G,6-2	,180,"March 5, 1950",University of Washington
197,Chris Dudley,1988,2003,C,6-11	,235,"February 22, 1965",Yale University
198,Jared Dudley,2008,2018,F-G,6-7	,225,"July 10, 1985",Boston College
199,Terry Duerod,1980,1983,G,6-2	,180,"July 29, 1956",University of Detroit Mercy
200,Bob Duffy,1947,1947,F,6-4	,175,"July 5, 1922",Tulane University
201,Bob Duffy,1963,1965,G,6-3	,185,"September 26, 1940",Colgate University
202,Chris Duhon,2005,2013,G,6-1	,185,"August 31, 1982",Duke University
203,Duje Dukan,2016,2016,F,6-9	,220,"December 4, 1991",University of Wisconsin
204,Walter Dukes,1956,1963,C,7-0	,220,"June 23, 1930",Seton Hall University
205,Joe Dumars*,1986,1999,G,6-3	,190,"May 24, 1963",McNeese State University
206,Rich Dumas,1969,1969,G,6-3	,170,,Northeastern State University
207,Richard Dumas,1993,1996,F,6-7	,200,"May 19, 1969",Oklahoma State University
208,Tony Dumas,1995,1998,G,6-6	,190,"August 25, 1972",University of Missouri-Kansas City
209,Andy Duncan,1949,1951,F-C,6-6	,195,"April 17, 1922",College of William & Mary
210,Tim Duncan,1998,2016,F-C,6-11	,250,"April 25, 1976",Wake Forest University
211,Mike Dunleavy,1977,1990,G,6-3	,180,"March 21, 1954",University of South Carolina
212,Mike Dunleavy,2003,2017,F-G,6-9	,230,"September 15, 1980",Duke University
213,Kris Dunn,2017,2018,G,6-4	,210,"March 18, 1994",Providence College
214,Pat Dunn,1958,1958,G,6-2	,170,"March 17, 1931",Utah State University
215,T.R. Dunn,1978,1991,G-F,6-4	,192,"February 1, 1955",University of Alabama
216,Ronald Dupree,2004,2011,F,6-7	,209,"January 26, 1981",Louisiana State University
217,Kevin Durant,2008,2018,F-G,6-9	,240,"September 29, 1988",University of Texas at Austin
218,John Duren,1981,1983,G,6-3	,195,"October 30, 1958",Georgetown University
219,Jarrett Durham,1972,1972,F,6-5	,188,"August 22, 1949",Duquesne University
220,Pat Durham,1993,1995,F,6-7	,210,"March 10, 1967",Colorado State University
221,Devin Durrant,1985,1986,F,6-7	,200,"October 20, 1960",Brigham Young University
222,Ken Durrett,1972,1975,F,6-7	,190,"December 8, 1948",La Salle University
223,Dennis DuVal,1975,1976,G,6-3	,175,"March 31, 1952",Syracuse University
224,Jack Dwan,1949,1949,F-G,6-4	,200,"May 3, 1921",Loyola University of Chicago
225,Craig Dykema,1982,1982,F,6-8	,190,"June 11, 1959","California State University, Long Beach"
226,Gene Dyker,1954,1954,F,6-6	,225,"February 17, 1930",DePaul University
227,Jerome Dyson,2012,2012,G,6-3	,180,"May 1, 1987",University of Connecticut
