,Player,From,To,Pos,Ht,Wt,Birth Date,Colleges
0,Sheldon Mac,2017,2017,G,6-5	,200.0,"December 21, 1992",University of Miami
1,Mike Macaluso,1974,1974,F,6-5	,210.0,"July 20, 1951",Canisius College
2,Ed Macauley*,1950,1959,C-F,6-8	,185.0,"March 22, 1928",Saint Louis University
3,Todd MacCulloch,2000,2003,C,7-0	,280.0,"January 27, 1976",University of Washington
4,Ronnie MacGilvray,1955,1955,G,6-2	,185.0,"July 20, 1930",St. John's University
5,Scott Machado,2013,2013,G,6-1	,205.0,"June 8, 1990",Iona College
6,Arvydas Macijauskas,2006,2006,G,6-4	,214.0,"January 19, 1980",
7,Ollie Mack,1980,1982,G,6-3	,185.0,"June 6, 1957",East Carolina University
8,Sam Mack,1993,2002,F-G,6-7	,220.0,"May 26, 1970","Iowa State University, Tyler Junior College, University of Houston"
9,Shelvin Mack,2012,2018,G,6-3	,203.0,"April 22, 1990",Butler University
10,Malcolm Mackey,1994,1994,F-C,6-9	,248.0,"July 11, 1970",Georgia Institute of Technology
11,Rudy Macklin,1982,1984,F-G,6-7	,205.0,"February 19, 1958",Louisiana State University
12,Vernon Macklin,2012,2012,F,6-10	,227.0,"September 20, 1986","Georgetown University, University of Florida"
13,Johnny Macknowsky,1950,1951,G-F,6-0	,180.0,"January 7, 1923",Seton Hall University
14,Don MacLean,1993,2001,F,6-10	,235.0,"January 16, 1970","University of California, Los Angeles"
15,Mark Macon,1992,1999,G,6-5	,185.0,"April 14, 1969",Temple University
16,Kyle Macy,1981,1987,G,6-3	,175.0,"April 9, 1957","Purdue University, University of Kentucky"
17,Jack Maddox,1949,1949,F-G,6-3	,185.0,"December 10, 1919",West Texas A&M University
18,Tito Maddox,2003,2003,G,6-4	,190.0,"June 7, 1981","California State University, Fresno"
19,Gerald Madkins,1994,1998,G,6-4	,200.0,"April 18, 1969","University of California, Los Angeles"
20,Mark Madsen,2001,2009,F,6-9	,240.0,"January 28, 1976",Stanford University
21,Norm Mager,1951,1951,F,6-5	,185.0,"March 23, 1926",City College of New York
22,Josh Magette,2018,2018,G,6-1	,160.0,"November 28, 1989",Alabama - Huntsville
23,Corey Maggette,2000,2013,F,6-6	,218.0,"November 12, 1979",Duke University
24,Dave Magley,1983,1983,F,6-8	,202.0,"November 24, 1959",University of Kansas
25,Jamaal Magloire,2001,2012,C,6-11	,259.0,"May 21, 1978",University of Kentucky
26,Randolph Mahaffey,1968,1971,F,6-7	,210.0,"September 28, 1945",Clemson University
27,Ian Mahinmi,2008,2018,C,6-11	,250.0,"November 5, 1986",
28,John Mahnken,1947,1953,C,6-8	,220.0,"June 16, 1922",Georgetown University
29,Brian Mahoney,1973,1973,G,6-3	,175.0,"December 17, 1948",Manhattan College
30,Mo Mahoney,1953,1954,F,6-2	,205.0,"November 20, 1927",Brown University
31,Rick Mahorn,1981,1999,C-F,6-10	,240.0,"September 21, 1958",Hampton University
32,Dan Majerle,1989,2002,G-F,6-6	,215.0,"September 9, 1965",Central Michigan University
33,Renaldo Major,2007,2007,F,6-7	,200.0,"May 7, 1982","South Plains College, California State University, Fresno"
34,Thon Maker,2017,2018,F-C,7-1	,216.0,"February 25, 1997",
35,Lionel Malamed,1949,1949,G,5-9	,150.0,"November 15, 1924",City College of New York
36,Jeff Malone,1984,1996,G,6-4	,205.0,"June 28, 1961",Mississippi State University
37,Karl Malone*,1986,2004,F,6-9	,250.0,"July 24, 1963",Louisiana Tech University
38,Moses Malone*,1975,1995,C-F,6-10	,215.0,"March 23, 1955",
39,Matt Maloney,1997,2003,G,6-3	,192.0,"December 6, 1971","Vanderbilt University, University of Pennsylvania"
40,Steve Malovic,1980,1980,F,6-10	,230.0,"July 21, 1956","University of Southern California, San Diego State University"
41,Mike Maloy,1971,1973,F,6-7	,215.0,"May 10, 1949",Davidson College
42,Ted Manakas,1974,1974,G,6-2	,180.0,"February 22, 1951",Princeton University
43,John Mandic,1949,1950,F-C,6-4	,205.0,"October 3, 1919",Oregon State University
44,Frank Mangiapane,1947,1947,G,5-10	,195.0,"August 5, 1925",New York University
45,Danny Manning,1989,2003,F-C,6-10	,230.0,"May 17, 1966",University of Kansas
46,Ed Manning,1968,1976,F,6-7	,210.0,"January 2, 1944",Jackson State University
47,Guy Manning,1968,1969,F,6-6	,195.0,"February 4, 1944",Prairie View A&M University
48,Rich Manning,1996,1997,C,6-11	,253.0,"June 23, 1970","Syracuse University, University of Washington"
49,Pace Mannion,1984,1989,G,6-7	,190.0,"September 22, 1960",University of Utah
50,Nick Mantis,1960,1963,G,6-3	,190.0,"December 7, 1935",Northwestern University
51,Pete Maravich*,1971,1980,G,6-5	,197.0,"June 22, 1947",Louisiana State University
52,Press Maravich,1947,1947,G,6-0	,185.0,"August 20, 1920",Davis & Elkins College
53,Devyn Marble,2015,2016,G-F,6-6	,200.0,"September 21, 1992",University of Iowa
54,Roy Marble,1990,1994,G-F,6-6	,190.0,"December 13, 1966",University of Iowa
55,Stephon Marbury,1997,2009,G,6-2	,180.0,"February 20, 1977",Georgia Institute of Technology
56,Sarunas Marciulionis*,1990,1997,G,6-5	,200.0,"June 13, 1964",
57,Saul Mariaschin,1948,1948,G,5-11	,165.0,"September 1, 1924",Harvard University
58,Jack Marin,1967,1977,F-G,6-7	,200.0,"October 12, 1944",Duke University
59,Shawn Marion,2000,2015,F,6-7	,220.0,"May 7, 1978","University of Nevada, Las Vegas"
60,Boban Marjanovic,2016,2018,C,7-3	,290.0,"August 15, 1988",
61,Lauri Markkanen,2018,2018,F-C,7-0	,230.0,"May 22, 1997",University of Arizona
62,Damir Markota,2007,2007,C,6-10	,225.0,"December 26, 1985",
63,Sean Marks,1999,2011,F-C,6-10	,250.0,"August 23, 1975",University of California
64,Harvey Marlatt,1971,1973,G,6-3	,185.0,"August 26, 1948",Eastern Michigan University
65,Jim Marsh,1972,1972,F,6-7	,215.0,"April 26, 1946",University of Southern California
66,Ricky Marsh,1978,1978,G,6-3	,200.0,"March 10, 1954",Manhattan College
67,Donny Marshall,1996,2003,F,6-7	,230.0,"July 17, 1972",University of Connecticut
68,Donyell Marshall,1995,2009,F,6-9	,218.0,"May 18, 1973",University of Connecticut
69,Kendall Marshall,2013,2016,G,6-4	,200.0,"August 19, 1991",University of North Carolina
70,Rawle Marshall,2006,2007,G-F,6-9	,190.0,"February 20, 1982","Ball State University, Oakland University"
71,Tom Marshall,1955,1959,F-G,6-4	,215.0,"January 6, 1931",Western Kentucky University
72,Vester Marshall,1974,1974,F,6-7	,200.0,"December 22, 1948",University of Oklahoma
73,Bill Martin,1986,1988,F,6-7	,205.0,"August 16, 1962",Georgetown University
74,Bob Martin,1994,1995,C,7-0	,250.0,"October 7, 1969",University of Minnesota
75,Brian Martin,1986,1986,F,6-9	,212.0,"August 18, 1962",University of Kansas
76,Cartier Martin,2009,2015,F,6-7	,220.0,"November 20, 1984",Kansas State University
77,Cuonzo Martin,1996,1997,G-F,6-5	,213.0,"September 23, 1971",Purdue University
78,Darrick Martin,1995,2008,G,5-11	,170.0,"March 6, 1971","University of California, Los Angeles"
79,Dino Martin,1947,1948,G,5-8	,160.0,"May 25, 1920",Georgetown University
80,Don Martin,1947,1949,C-F,6-7	,210.0,"February 7, 1920",Central Missouri State University
81,Fernando Martin,1987,1987,C,6-9	,220.0,"March 25, 1962",
82,Jarell Martin,2016,2018,F,6-10	,239.0,"May 24, 1994",Louisiana State University
83,Jeff Martin,1990,1991,G,6-5	,195.0,"January 14, 1967",Murray State University
84,Kenyon Martin,2001,2015,F,6-9	,234.0,"December 30, 1977",University of Cincinnati
85,Kevin Martin,2005,2016,G,6-7	,199.0,"February 1, 1983",Western Carolina University
86,LaRue Martin,1973,1976,C,6-11	,208.0,"March 30, 1950",Loyola University of Chicago
87,Maurice Martin,1987,1988,F-G,6-6	,200.0,"July 2, 1964",Saint Joseph's University
88,Phil Martin,1955,1955,G,6-3	,190.0,"April 2, 1928",University of Toledo
89,Slater Martin*,1950,1960,G,5-10	,170.0,"October 22, 1925",University of Texas at Austin
90,Whitey Martin,1962,1962,G,6-2	,185.0,"April 11, 1939",St. Bonaventure University
91,Jamal Mashburn,1994,2004,F,6-8	,240.0,"November 29, 1972",University of Kentucky
92,Al Masino,1953,1954,G,5-10	,174.0,"February 5, 1928",Canisius College
93,Anthony Mason,1990,2003,F,6-7	,250.0,"December 14, 1966",Tennessee State University
94,Desmond Mason,2001,2010,F,6-7	,224.0,"October 11, 1977",Oklahoma State University
95,Frank Mason,2018,2018,G,6-0	,189.0,"April 3, 1994",University of Kansas
96,Roger Mason,2003,2014,G,6-5	,200.0,"September 10, 1980",University of Virginia
97,Tony Massenburg,1991,2005,F,6-9	,220.0,"July 31, 1967",University of Maryland
98,Eddie Mast,1971,1973,F-C,6-9	,220.0,"October 3, 1948",Temple University
99,Mangok Mathiang,2018,2018,C-F,6-10	,230.0,"October 8, 1992",University of Louisville
100,Johnny Mathis,1968,1968,F,6-6	,220.0,"July 14, 1943",Savannah State University
101,Wes Matthews,1981,1990,G,6-1	,170.0,"August 24, 1959",University of Wisconsin
102,Wesley Matthews,2010,2018,G,6-5	,220.0,"October 14, 1986",Marquette University
103,Ariel Maughan,1947,1951,F,6-4	,190.0,"February 23, 1923",Utah State University
104,Marlon Maxey,1993,1994,F,6-8	,250.0,"February 19, 1969","University of Minnesota, University of Texas at El Paso"
105,Jason Maxiell,2006,2015,F,6-7	,260.0,"February 18, 1983",University of Cincinnati
106,Cedric Maxwell,1978,1988,F,6-8	,205.0,"November 21, 1955",University of North Carolina at Charlotte
107,Vernon Maxwell,1989,2001,G,6-4	,180.0,"September 12, 1965",University of Florida
108,Don May,1969,1975,F,6-4	,200.0,"January 3, 1946",University of Dayton
109,Scott May,1977,1983,F,6-7	,215.0,"March 19, 1954",Indiana University
110,Sean May,2006,2010,F,6-9	,266.0,"April 4, 1984",University of North Carolina
111,Lee Mayberry,1993,1999,G,6-1	,172.0,"June 12, 1970",University of Arkansas
112,Clyde Mayes,1976,1977,F,6-8	,225.0,"March 17, 1953",Furman University
113,Tharon Mayes,1992,1992,G,6-3	,175.0,"September 9, 1968",Florida State University
114,Bill Mayfield,1981,1981,F,6-7	,205.0,"October 17, 1957",University of Iowa
115,Ken Mayfield,1976,1976,G,6-2	,185.0,"May 11, 1948",Tuskegee University
116,Eric Maynor,2010,2014,G,6-3	,175.0,"June 11, 1987",Virginia Commonwealth University
117,O.J. Mayo,2009,2016,G,6-5	,210.0,"November 5, 1987",University of Southern California
118,Travis Mays,1991,1993,G,6-2	,190.0,"June 19, 1968",University of Texas at Austin
119,Matt Mazza,1950,1950,F,6-3	,210.0,"September 23, 1923",Michigan State University
120,Luc Mbah a Moute,2009,2018,F,6-8	,230.0,"September 9, 1986","University of California, Los Angeles"
121,Bob McAdoo*,1973,1986,C-F,6-9	,210.0,"September 25, 1951",University of North Carolina
122,James Michael McAdoo,2015,2018,F,6-9	,230.0,"January 4, 1993",University of North Carolina
123,Ken McBride,1955,1955,G-F,6-3	,190.0,,University of Maryland Eastern Shore
124,Ray McCallum,2014,2016,G,6-3	,190.0,"June 12, 1991",University of Detroit Mercy
125,Bob McCann,1990,1998,F,6-6	,244.0,"April 22, 1964","Upsala College, Morehead State University"
126,Brendan McCann,1958,1960,G,6-2	,178.0,"July 5, 1935",St. Bonaventure University
127,Mel McCants,1990,1990,F,6-8	,240.0,"August 19, 1967",Purdue University
128,Rashad McCants,2006,2009,G,6-4	,207.0,"September 25, 1984",University of North Carolina
129,Mike McCarron,1947,1950,G,5-11	,180.0,"March 2, 1922",Seton Hall University
130,Andre McCarter,1977,1981,G,6-3	,190.0,"August 25, 1953","University of California, Los Angeles"
131,Willie McCarter,1970,1972,G,6-3	,175.0,"July 26, 1946",Drake University
132,Johnny McCarthy,1957,1964,G,6-1	,185.0,"April 25, 1934",Canisius College
133,Howie McCarty,1947,1947,F-G,6-2	,190.0,,Wayne State University
134,Kelly McCarty,1999,1999,G-F,6-7	,200.0,"August 24, 1975",University of Southern Mississippi
135,Walter McCarty,1997,2006,F,6-10	,230.0,"February 1, 1974",University of Kentucky
136,Amal McCaskill,1997,2004,F-C,6-11	,235.0,"October 28, 1973",Marquette University
137,Patrick McCaw,2017,2018,G,6-7	,185.0,"October 25, 1995","University of Nevada, Las Vegas"
138,Dwayne McClain,1986,1986,G,6-6	,185.0,"February 7, 1963",Villanova University
139,Ted McClain,1972,1979,G,6-1	,180.0,"August 30, 1946",Tennessee State University
140,Dan McClintock,2001,2001,C,7-0	,270.0,"April 19, 1977",Northern Arizona University
141,Jack McCloskey,1953,1953,G,6-2	,190.0,"September 19, 1925",University of Pennsylvania
142,George McCloud,1990,2002,G-F,6-6	,205.0,"May 27, 1967",Florida State University
143,CJ McCollum,2014,2018,G,6-3	,190.0,"September 19, 1991",Lehigh University
144,John McConathy,1952,1952,F,6-5	,195.0,"April 9, 1930",Northwestern State University
145,Bucky McConnell,1953,1953,G,5-10	,170.0,"July 1, 1928",Marshall University
146,T.J. McConnell,2016,2018,G,6-2	,200.0,"March 25, 1992","Duquesne University, University of Arizona"
147,Keith McCord,1981,1981,G,6-7	,210.0,"June 22, 1957","University of Alabama, University of Alabama at Birmingham"
148,Tim McCormick,1985,1992,C,6-11	,240.0,"March 10, 1962",University of Michigan
149,Jelani McCoy,1999,2008,C,6-10	,245.0,"December 6, 1977","University of California, Los Angeles"
150,Paul McCracken,1973,1977,G,6-4	,180.0,"September 11, 1950","California State University, Northridge"
151,Chris McCray,2007,2007,G,6-5	,192.0,"May 27, 1984",University of Maryland
152,Rodney McCray,1984,1993,F-G,6-7	,220.0,"August 29, 1961",University of Louisville
153,Scooter McCray,1984,1987,F-G,6-9	,215.0,"February 8, 1960",University of Louisville
154,Erik McCree,2018,2018,F,6-8	,225.0,"December 20, 1993",Louisiana Tech University
155,Chris McCullough,2016,2018,F,6-11	,200.0,"February 5, 1995",Syracuse University
156,John McCullough,1982,1982,G,6-4	,190.0,"October 5, 1956",University of Oklahoma
157,Clint McDaniel,1996,1996,G,6-4	,180.0,"February 26, 1972",University of Arkansas
158,Xavier McDaniel,1986,1998,F,6-7	,205.0,"June 4, 1963",Wichita State University
159,Jim McDaniels,1972,1978,C-F,6-11	,228.0,"April 2, 1948",Western Kentucky University
160,K.J. McDaniels,2015,2017,G-F,6-6	,205.0,"February 9, 1993",Clemson University
161,Doug McDermott,2015,2018,F,6-8	,225.0,"January 3, 1992",Creighton University
162,Ben McDonald,1986,1989,F,6-8	,210.0,"July 20, 1962","University of California, Irvine"
163,Glenn McDonald,1975,1977,F-G,6-6	,190.0,"March 18, 1952","California State University, Long Beach"
164,Michael McDonald,1998,1998,C,6-10	,232.0,"February 13, 1969","Utah Valley State College, University of New Orleans"
165,Roderick McDonald,1971,1973,F,6-6	,205.0,"April 9, 1945",Whitworth
166,Hank McDowell,1982,1987,F-C,6-9	,215.0,"November 13, 1959",University of Memphis
167,Antonio McDyess,1996,2011,F-C,6-9	,220.0,"September 7, 1974",University of Alabama
168,Jim McElroy,1976,1982,G,6-3	,190.0,"October 4, 1953",Central Michigan University
169,Patrick McFarland,1974,1976,F-G,6-5	,185.0,"December 7, 1951",Saint Joseph's University
170,Ivan McFarlin,2007,2007,F,6-8	,240.0,"April 26, 1982",Oklahoma State University
171,Mel McGaha,1949,1949,G,6-1	,190.0,"September 26, 1926",University of Arkansas
172,Mitch McGary,2015,2016,F-C,6-10	,255.0,"June 6, 1992",University of Michigan
173,JaVale McGee,2009,2018,C,7-0	,270.0,"January 19, 1988","University of Nevada, Reno"
174,Mike McGee,1982,1990,G-F,6-5	,190.0,"July 29, 1959",University of Michigan
175,Bill McGill,1963,1970,C-F,6-9	,225.0,"September 16, 1939",University of Utah
176,George McGinnis*,1972,1982,F-C,6-8	,235.0,"August 12, 1950",Indiana University
177,Jon McGlocklin,1966,1976,G-F,6-5	,205.0,"June 10, 1943",Indiana University
178,Tracy McGrady*,1998,2012,F-G,6-8	,210.0,"May 24, 1979",
179,Gil McGregor,1972,1972,F,6-8	,240.0,"June 14, 1949",Wake Forest University
180,Elton McGriff,1968,1969,C,6-9	,225.0,"August 21, 1942",Creighton University
181,Rodney McGruder,2017,2018,G,6-4	,205.0,"July 29, 1991",Kansas State University
182,Alfred McGuire*,1952,1955,G-F,6-2	,180.0,"September 7, 1928",St. John's University
183,Allie McGuire,1974,1974,G,6-3	,175.0,"July 10, 1951",Marquette University
184,Dick McGuire*,1950,1960,G,6-0	,180.0,"January 25, 1926",St. John's University
185,Dominic McGuire,2008,2013,F,6-9	,220.0,"October 20, 1985","University of California, California State University, Fresno"
186,Kevin McHale*,1981,1993,F-C,6-10	,210.0,"December 19, 1957",University of Minnesota
187,Maurice McHartley,1968,1970,G-F,6-3	,185.0,"August 1, 1942",North Carolina Agricultural and Technical State University
188,Jim McIlvaine,1995,2001,C,7-1	,240.0,"July 30, 1972",Marquette University
189,Jeff McInnis,1997,2008,G,6-4	,190.0,"October 22, 1974",University of North Carolina
190,Kenny McIntosh,1972,1975,F,6-7	,225.0,"January 21, 1949",Eastern Michigan University
191,Bob McIntyre,1968,1970,F,6-6	,215.0,"January 23, 1944",St. John's University
192,Jerry McKee,1970,1970,G,6-3	,190.0,"August 4, 1946",Ohio University
193,Kevin McKenna,1982,1988,G-F,6-5	,195.0,"January 8, 1959",Creighton University
194,Forrest McKenzie,1987,1987,F,6-7	,200.0,"February 16, 1963",Loyola Marymount University
195,Stan McKenzie,1968,1974,F-G,6-5	,195.0,"October 6, 1944",New York University
196,Derrick McKey,1988,2002,F-C,6-9	,205.0,"October 10, 1966",University of Alabama
197,Aaron McKie,1995,2007,G,6-5	,209.0,"October 2, 1972",Temple University
198,Billy McKinney,1979,1986,G,6-0	,160.0,"June 5, 1955",Northwestern University
199,Bones McKinney,1947,1952,F-C,6-6	,185.0,"January 1, 1919",University of North Carolina
200,Carlton McKinney,1990,1992,G,6-4	,190.0,"October 21, 1964","University of Tulsa, Southern Methodist University"
201,Trey McKinney-Jones,2018,2018,G,6-5	,214.0,"August 27, 1990",University of Miami
202,Alfonzo McKinnie,2018,2018,F,6-8	,215.0,"September 17, 1992",University of Wisconsin-Green Bay
203,Ben McLemore,2014,2018,G,6-5	,195.0,"February 11, 1993",University of Kansas
204,McCoy McLemore,1965,1972,F-C,6-7	,230.0,"April 3, 1942",Drake University
205,George McLeod,1953,1953,F,6-5	,200.0,"January 3, 1931",Texas Christian University
206,Keith McLeod,2004,2007,G,6-2	,188.0,"November 5, 1979",Bowling Green State University
207,Roshown McLeod,1999,2001,F,6-8	,221.0,"November 17, 1975","St. John's University, Duke University"
208,Jack McMahon,1953,1960,G,6-1	,185.0,"December 3, 1928",St. John's University
209,Nate McMillan,1987,1998,G-F,6-5	,195.0,"August 3, 1964",North Carolina State University
210,Tom McMillen,1976,1986,F-C,6-11	,215.0,"May 26, 1952",University of Maryland
211,Jim McMillian,1971,1979,F,6-5	,215.0,"March 11, 1948",Columbia University
212,Shellie McMillon,1959,1962,F,6-5	,205.0,"March 11, 1936",Bradley University
213,Mal McMullen,1950,1951,F-C,6-5	,210.0,"August 23, 1927",Xavier University
214,Chet McNabb,1948,1948,F,6-2	,200.0,"September 19, 1920",Arizona State University
215,Mark McNamara,1983,1991,C-F,6-11	,235.0,"June 8, 1959","Santa Clara University, University of California"
216,Joe McNamee,1951,1952,F-C,6-6	,210.0,"September 24, 1926",University of San Francisco
217,Jerel McNeal,2015,2015,G,6-3	,200.0,"June 1, 1987",Marquette University
218,Chris McNealy,1986,1988,F,6-7	,210.0,"July 15, 1961",San Jose State University
219,Bob McNeill,1961,1962,G,6-1	,170.0,"October 22, 1938",Saint Joseph's University
220,Larry McNeill,1974,1979,F-C,6-9	,195.0,"January 31, 1951",Marquette University
221,Carl McNulty,1955,1955,G,6-3	,185.0,"February 14, 1930",Purdue University
222,Paul McPherson,2001,2001,G,6-4	,210.0,"July 3, 1978",DePaul University
223,Roy McPipe,1975,1975,G,6-3	,205.0,"May 5, 1950","Montana State University, Billings"
224,Cozell McQueen,1987,1987,F,6-11	,235.0,"January 18, 1962",North Carolina State University
225,Jordan McRae,2016,2017,G,6-6	,185.0,"March 28, 1991",University of Tennessee
226,Thales McReynolds,1966,1966,G,6-3	,185.0,"June 8, 1943",Miles College
227,Josh McRoberts,2008,2018,F,6-10	,240.0,"February 28, 1987",Duke University
228,Eric McWilliams,1973,1973,F,6-8	,200.0,"April 18, 1950","California State University, Long Beach"
229,George Mearns,1947,1948,F,6-3	,175.0,"April 18, 1922",University of Rhode Island
230,Stanislav Medvedenko,2001,2007,F,6-10	,250.0,"April 4, 1979",
231,Darnell Mee,1994,1995,G,6-5	,175.0,"February 11, 1971",Western Kentucky University
232,Jodie Meeks,2010,2018,G,6-4	,210.0,"August 21, 1987",University of Kentucky
233,Cliff Meely,1972,1976,F-C,6-8	,215.0,"July 10, 1947",University of Colorado
234,Scott Meents,1990,1991,F,6-10	,225.0,"January 4, 1964",University of Illinois at Urbana-Champaign
235,Dick Mehen,1950,1952,F-C,6-5	,195.0,"May 20, 1922",University of Tennessee
236,Monk Meineke,1953,1958,F-C,6-7	,208.0,"October 30, 1930",University of Dayton
237,Carl Meinhold,1948,1949,G-F,6-2	,185.0,"March 29, 1926",Long Island University
238,Salah Mejri,2016,2018,C,7-1	,245.0,"June 15, 1986",
239,Gal Mekel,2014,2015,G,6-3	,191.0,"March 4, 1988",Wichita State University
240,Bill Melchionni,1967,1976,G,6-1	,165.0,"October 19, 1944",Villanova University
241,Gary Melchionni,1974,1975,G,6-2	,185.0,"January 19, 1951",Duke University
242,Fab Melo,2013,2013,C,7-0	,255.0,"June 20, 1990",Syracuse University
243,Ed Melvin,1947,1947,G,5-9	,170.0,"February 13, 1916",Duquesne University
244,Dean Meminger,1972,1977,G,6-0	,175.0,"May 13, 1948",Marquette University
245,Chuck Mencel,1956,1957,G,6-0	,168.0,"April 21, 1933",University of Minnesota
246,John Mengelt,1972,1981,G,6-2	,195.0,"October 16, 1949",Auburn University
247,Ken Menke,1950,1950,G,6-0	,168.0,"October 2, 1922",University of Illinois at Urbana-Champaign
248,Pops Mensah-Bonsu,2007,2011,F,6-9	,240.0,"September 7, 1983",George Washington University
249,Dewitt Menyard,1968,1968,C,6-10	,210.0,"May 24, 1944",University of Utah
250,Ron Mercer,1998,2005,G-F,6-7	,210.0,"May 18, 1976",University of Kentucky
251,Joe Meriweather,1976,1985,C-F,6-10	,215.0,"October 26, 1953",Southern Illinois University
252,Porter Meriwether,1963,1963,G,6-2	,180.0,"March 16, 1940",Tennessee State University
253,Tom Meschery,1962,1971,F,6-6	,215.0,"October 26, 1938",Saint Mary's College of California
254,Bill Meyer,1968,1968,G,6-3	,195.0,"August 30, 1943",Hiram College
255,Loren Meyer,1996,1999,C,6-10	,257.0,"December 30, 1972",Iowa State University
256,Dave Meyers,1976,1980,F-C,6-8	,215.0,"April 21, 1953","University of California, Los Angeles"
257,Stan Miasek,1947,1953,C-F,6-5	,210.0,"September 19, 1923",
258,Larry Micheaux,1984,1985,F,6-9	,220.0,"March 24, 1960",University of Houston
259,Jordan Mickey,2016,2018,F,6-8	,235.0,"July 9, 1994",Louisiana State University
260,Khris Middleton,2013,2018,F-G,6-8	,234.0,"August 12, 1991",Texas A&M University
261,Red Mihalik,1947,1947,G,6-0	,180.0,"September 22, 1916",
262,Chris Mihm,2001,2009,C,7-0	,265.0,"July 16, 1979",University of Texas at Austin
263,Ed Mikan,1949,1954,C-F,6-8	,230.0,"October 20, 1925",DePaul University
264,George Mikan*,1949,1956,C,6-10	,245.0,"June 18, 1924",DePaul University
265,Larry Mikan,1971,1971,F,6-7	,210.0,"April 8, 1948",University of Minnesota
266,Vern Mikkelsen*,1950,1959,F-C,6-7	,230.0,"October 21, 1928",Hamline University
267,Al Miksis,1950,1950,C,6-7	,210.0,"February 2, 1928",Western Illinois University
268,Aaron Miles,2006,2006,G,6-1	,175.0,"April 13, 1983",University of Kansas
269,C.J. Miles,2006,2018,G-F,6-6	,225.0,"April 18, 1987",
270,Darius Miles,2001,2009,F,6-9	,210.0,"October 9, 1981",
271,Eddie Miles,1964,1972,G-F,6-4	,195.0,"July 5, 1940",Seattle University
272,Marko Milic,1998,1999,G-F,6-6	,235.0,"May 7, 1977",
273,Darko Milicic,2004,2013,F-C,7-0	,250.0,"June 20, 1985",
274,Nat Militzok,1947,1947,F,6-3	,195.0,"May 3, 1923",Cornell University
275,Andre Miller,2000,2016,G,6-3	,200.0,"March 19, 1976",University of Utah
276,Anthony Miller,1995,2005,F,6-9	,225.0,"October 22, 1971",Michigan State University
277,Bill Miller,1949,1949,F,6-3	,190.0,"November 24, 1924",University of North Carolina
278,Bob Miller,1984,1984,F,6-10	,230.0,"July 9, 1956",University of Cincinnati
279,Brad Miller,1999,2012,C,6-11	,244.0,"April 12, 1976",Purdue University
280,Darius Miller,2013,2018,F,6-8	,235.0,"March 21, 1990",University of Kentucky
281,Dick Miller,1981,1981,F,6-6	,215.0,"April 26, 1958",University of Toledo
282,Eddie Miller,1953,1954,C-F,6-8	,225.0,"June 18, 1931",Syracuse University
283,Harry Miller,1947,1947,C-F,6-4	,230.0,"July 28, 1923",University of North Carolina
284,Jay Miller,1968,1971,F,6-5	,205.0,"July 19, 1943",University of Notre Dame
285,Larry Miller,1969,1975,G-F,6-4	,190.0,"April 4, 1946",University of North Carolina
286,Malcolm Miller,2018,2018,F,6-7	,210.0,"March 6, 1993",College of the Holy Cross
287,Mike Miller,2001,2017,F-G,6-8	,218.0,"February 19, 1980",University of Florida
288,Oliver Miller,1993,2004,C,6-9	,280.0,"April 6, 1970",University of Arkansas
289,Quincy Miller,2013,2015,F,6-9	,210.0,"November 18, 1992",Baylor University
290,Reggie Miller*,1988,2005,G-F,6-7	,185.0,"August 24, 1965","University of California, Los Angeles"
291,Walt Miller,1947,1947,F,6-2	,190.0,"July 30, 1915",Duquesne University
292,Chris Mills,1994,2003,F,6-6	,215.0,"January 25, 1970","University of Kentucky, University of Arizona"
293,John Mills,1947,1947,C-F,6-8	,203.0,"September 7, 1919",Western Kentucky University
294,Patty Mills,2010,2018,G,6-0	,185.0,"August 11, 1988",Saint Mary's College of California
295,Terry Mills,1991,2001,F,6-10	,230.0,"December 21, 1967",University of Michigan
296,Elijah Millsap,2015,2017,G-F,6-6	,225.0,"August 12, 1987","University of Louisiana at Lafayette, University of Alabama at Birmingham"
297,Paul Millsap,2007,2018,F,6-8	,246.0,"February 10, 1985",Louisiana Tech University
298,Harold Miner,1993,1996,G,6-5	,210.0,"May 5, 1971",University of Southern California
299,Yao Ming*,2003,2011,C,7-6	,310.0,"September 12, 1980",
300,Dirk Minniefield,1986,1988,G,6-3	,180.0,"January 17, 1961",University of Kentucky
301,Dave Minor,1952,1953,G-F,6-2	,185.0,"February 23, 1922","University of California, Los Angeles"
302,Greg Minor,1995,1999,G-F,6-6	,210.0,"September 18, 1971",University of Louisville
303,Mark Minor,1973,1973,F,6-6	,215.0,"May 14, 1950",Ohio State University
304,Nikola Mirotic,2015,2018,F,6-10	,220.0,"February 11, 1991",
305,Wat Misaka,1948,1948,G,5-7	,150.0,"December 21, 1923",University of Utah
306,Jason Miskiri,2000,2000,G,6-2	,175.0,"August 19, 1975",George Mason University
307,Donovan Mitchell,2018,2018,G,6-3	,211.0,"September 7, 1996",University of Louisville
308,Leland Mitchell,1968,1968,G,6-4	,210.0,"February 22, 1941",Mississippi State University
309,Mike Mitchell,1979,1988,F,6-7	,215.0,"January 1, 1956",Auburn University
310,Murray Mitchell,1950,1950,C,6-6	,,"March 19, 1923",Sam Houston State University
311,Sam Mitchell,1990,2002,F,6-6	,210.0,"September 2, 1963",Mercer University
312,Todd Mitchell,1989,1989,F,6-7	,205.0,"July 26, 1966",Purdue University
313,Tony Mitchell,2014,2014,F,6-6	,216.0,"August 7, 1989",University of Alabama
314,Tony Mitchell,2014,2014,F,6-8	,235.0,"April 7, 1992",University of North Texas
315,Naz Mitrou-Long,2018,2018,G,6-4	,209.0,"August 3, 1993",Iowa State University
316,Steve Mix,1970,1983,F,6-7	,215.0,"December 30, 1947",University of Toledo
317,Bill Mlkvy,1953,1953,F,6-4	,190.0,"January 19, 1931",Temple University
318,Cuttino Mobley,1999,2009,G,6-4	,190.0,"September 1, 1975",University of Rhode Island
319,Eric Mobley,1995,1997,C,6-11	,235.0,"February 1, 1970",University of Pittsburgh
320,Doug Moe,1968,1972,F-G,6-5	,215.0,"September 21, 1938",University of North Carolina
321,Larry Moffett,1978,1978,F,6-8	,210.0,"November 5, 1954","University of Nevada, Las Vegas"
322,Leo Mogus,1947,1951,F-C,6-4	,190.0,"April 13, 1921",Youngstown State University
323,Nazr Mohammed,1999,2016,C,6-10	,221.0,"September 5, 1977",University of Kentucky
324,Jerome Moiso,2001,2005,F-C,6-10	,235.0,"June 15, 1978","University of California, Los Angeles"
325,Paul Mokeski,1980,1991,C-F,7-0	,250.0,"January 3, 1957",University of Kansas
326,Jack Molinas,1954,1954,F,6-6	,200.0,"October 31, 1931",Columbia University
327,Wayne Molis,1967,1968,F,6-8	,230.0,"April 17, 1943",Lewis University
328,Sidney Moncrief,1980,1991,G,6-3	,180.0,"September 21, 1957",University of Arkansas
329,Eric Money,1975,1980,G,6-0	,170.0,"February 6, 1955",University of Arizona
330,Sergei Monia,2006,2006,F,6-8	,220.0,"April 15, 1983",
331,Malik Monk,2018,2018,G,6-3	,200.0,"February 4, 1998",University of Kentucky
332,Earl Monroe*,1968,1980,G,6-3	,185.0,"November 21, 1944",Winston-Salem State University
333,Greg Monroe,2011,2018,C-F,6-11	,265.0,"June 4, 1990",Georgetown University
334,Rodney Monroe,1992,1992,G,6-3	,185.0,"April 16, 1968",North Carolina State University
335,Luis Montero,2016,2018,G,6-7	,185.0,"April 6, 1993",Westchester CC
336,Howie Montgomery,1963,1963,F,6-5	,220.0,"August 22, 1940",University of Texas-Pan American
337,Eric Montross,1995,2002,C,7-0	,270.0,"September 23, 1971",University of North Carolina
338,Jamario Moon,2008,2012,F,6-8	,205.0,"June 13, 1980",Meridian Community College
339,Jim Mooney,1953,1953,F,6-5	,215.0,"July 8, 1930",Villanova University
340,Andre Moore,1988,1988,F,6-9	,215.0,"July 2, 1964",Loyola University of Chicago
341,Ben Moore,2018,2018,F,6-7	,203.0,"May 13, 1995",Southern Methodist University
342,E'Twaun Moore,2012,2018,G,6-4	,191.0,"February 28, 1989",Purdue University
343,Gene Moore,1969,1975,C-F,6-9	,225.0,"July 29, 1945",Saint Louis University
344,Jackie Moore,1955,1957,F,6-5	,180.0,"September 24, 1932",La Salle University
345,Johnny Moore,1981,1990,G,6-1	,175.0,"March 3, 1958",University of Texas at Austin
346,Larry Moore,1968,1968,F,6-7	,215.0,,
347,Lowes Moore,1981,1983,G,6-1	,170.0,"May 5, 1957",West Virginia University
348,Mikki Moore,1999,2012,C,6-11	,225.0,"November 4, 1975",University of Nebraska
349,Otto Moore,1969,1977,C-F,6-11	,205.0,"August 27, 1946",University of Texas-Pan American
350,Richard Moore,1968,1968,G,6-2	,190.0,,Hiram Scott College
351,Ron Moore,1988,1988,C,7-0	,260.0,"January 16, 1962","Salem International University, West Virginia State University"
352,Tracy Moore,1992,1997,G-F,6-4	,200.0,"December 28, 1965",University of Tulsa
353,Eric Moreland,2015,2018,F-C,6-10	,238.0,"December 24, 1991",Oregon State University
354,Jackie Moreland,1961,1970,F-G,6-7	,215.0,"March 11, 1938",Louisiana Tech University
355,Guy Morgan,1983,1983,G,6-8	,205.0,"August 23, 1960",Wake Forest University
356,Rex Morgan,1971,1972,G,6-5	,190.0,"October 27, 1948",Jacksonville University
357,Elmore Morgenthaler,1947,1949,C,6-9	,230.0,"August 3, 1922",New Mexico Institute of Mining and Technology
358,Darren Morningstar,1994,1994,C,6-10	,235.0,"April 22, 1969","United States Naval Academy, University of Pittsburgh"
359,Chris Morris,1989,1999,F,6-8	,210.0,"January 20, 1966",Auburn University
360,Darius Morris,2012,2015,G,6-4	,190.0,"January 3, 1991",University of Michigan
361,Isaiah Morris,1993,1993,F,6-8	,229.0,"April 2, 1969",University of Arkansas
362,Jaylen Morris,2018,2018,G,6-5	,185.0,"September 19, 1995",Molloy
363,Marcus Morris,2012,2018,F,6-9	,235.0,"September 2, 1989",University of Kansas
364,Markieff Morris,2012,2018,F,6-10	,245.0,"September 2, 1989",University of Kansas
365,Max Morris,1950,1950,F-C,6-2	,195.0,"March 14, 1925",Northwestern University
366,Monte Morris,2018,2018,G,6-3	,175.0,"June 27, 1995",Iowa State University
367,Randolph Morris,2007,2010,C,6-10	,266.0,"January 2, 1986",University of Kentucky
368,Terence Morris,2002,2006,F,6-9	,221.0,"January 11, 1979",University of Maryland
369,Adam Morrison,2007,2010,F,6-8	,205.0,"July 19, 1984",Gonzaga University
370,John Morrison,1968,1968,G,6-2	,190.0,"May 2, 1945",Canisius College
371,Mike Morrison,1990,1990,G,6-4	,195.0,"August 16, 1967",Loyola College in Maryland
372,Red Morrison,1955,1958,F-C,6-8	,220.0,"April 26, 1932",University of Idaho
373,Anthony Morrow,2009,2017,G,6-5	,210.0,"September 27, 1985",Georgia Institute of Technology
374,Dwayne Morton,1995,1995,F,6-7	,195.0,"August 8, 1971",University of Louisville
375,John Morton,1990,1992,G,6-3	,180.0,"May 18, 1967",Seton Hall University
376,Richard Morton,1989,1989,G,6-3	,190.0,"February 2, 1966","California State University, Fullerton"
377,Glenn Mosley,1978,1979,F,6-8	,195.0,"December 26, 1955",Seton Hall University
378,Perry Moss,1986,1987,G,6-2	,185.0,"November 11, 1958",Northeastern University
379,Lawrence Moten,1996,1998,G,6-5	,185.0,"March 25, 1972",Syracuse University
380,Donatas Motiejunas,2013,2017,F-C,7-0	,222.0,"September 20, 1990",
381,Johnathan Motley,2018,2018,F,6-9	,238.0,"May 4, 1995",Baylor University
382,Hanno Mottola,2001,2002,C,6-11	,247.0,"September 9, 1976",University of Utah
383,Arnett Moultrie,2013,2014,F,6-11	,249.0,"November 18, 1990","University of Texas at El Paso, Mississippi State University"
384,Rick Mount,1971,1975,G,6-3	,175.0,"January 5, 1947",Purdue University
385,Alonzo Mourning*,1993,2008,C,6-10	,240.0,"February 8, 1970",Georgetown University
386,Timofey Mozgov,2011,2018,C,7-1	,275.0,"July 16, 1986",
387,Chuck Mrazovich,1951,1951,F,6-5	,185.0,"February 26, 1924",Eastern Kentucky University
388,Emmanuel Mudiay,2016,2018,G,6-5	,200.0,"March 5, 1996",
389,Erwin Mueller,1967,1974,C-F,6-8	,230.0,"March 12, 1944",University of San Francisco
390,Shabazz Muhammad,2014,2018,F-G,6-6	,223.0,"November 13, 1992","University of California, Los Angeles"
391,Joe Mullaney,1950,1950,G,6-0	,165.0,"November 17, 1924",College of the Holy Cross
392,Bob Mullens,1947,1947,G,6-1	,175.0,"November 1, 1922",Fordham University
393,Byron Mullens,2010,2014,C,7-0	,275.0,"February 14, 1989",Ohio State University
394,Chris Mullin*,1986,2001,F-G,6-6	,200.0,"July 30, 1963",St. John's University
395,Jeff Mullins,1965,1976,G-F,6-4	,190.0,"March 18, 1942",Duke University
396,Todd Mundt,1996,1996,C,7-0	,250.0,"May 17, 1970","University of Memphis, Delta State University"
397,Xavier Munford,2016,2018,G,6-2	,180.0,"June 1, 1992",University of Rhode Island
398,Chris Munk,1991,1991,F,6-9	,225.0,"August 5, 1967",University of Southern California
399,George Munroe,1947,1948,G,5-11	,170.0,"January 5, 1922",Dartmouth College
400,Eric Murdock,1992,2000,G,6-1	,190.0,"June 14, 1968",Providence College
401,Gheorghe Muresan,1994,2000,C,7-7	,303.0,"February 14, 1971",
402,Allen Murphy,1976,1977,G,6-5	,190.0,"July 15, 1952",University of Louisville
403,Calvin Murphy*,1971,1983,G,5-9	,165.0,"May 9, 1948",Niagara University
404,Dick Murphy,1947,1947,G,6-1	,175.0,"March 10, 1921",Manhattan College
405,Erik Murphy,2014,2014,F,6-10	,230.0,"October 26, 1990",University of Florida
406,Jay Murphy,1985,1988,F,6-9	,220.0,"June 26, 1962",Boston College
407,John Murphy,1947,1947,F,6-2	,175.0,"September 13, 1924",
408,Kevin Murphy,2013,2013,G,6-5	,185.0,"March 6, 1990",Tennessee Technological University
409,Ronnie Murphy,1988,1988,F,6-5	,225.0,"July 29, 1964",Jacksonville University
410,Tod Murphy,1988,1994,C-F,6-9	,220.0,"December 24, 1963","University of California, Irvine"
411,Troy Murphy,2002,2013,F-C,6-11	,245.0,"May 2, 1980",University of Notre Dame
412,Dejounte Murray,2017,2018,G,6-5	,170.0,"September 19, 1996",University of Washington
413,Jamal Murray,2017,2018,G,6-4	,207.0,"February 23, 1997",University of Kentucky
414,Ken Murray,1951,1955,G-F,6-2	,190.0,"April 20, 1928",St. Bonaventure University
415,Lamond Murray,1995,2006,F,6-7	,236.0,"April 20, 1973",University of California
416,Ronald Murray,2003,2010,G,6-4	,190.0,"July 29, 1979","Meridian Community College, Shaw University"
417,Tracy Murray,1993,2004,F,6-7	,225.0,"July 25, 1971","University of California, Los Angeles"
418,Willie Murrell,1968,1970,F,6-6	,225.0,"September 13, 1941",Kansas State University
419,Dorie Murrey,1967,1972,F-C,6-8	,215.0,"September 7, 1943",University of Detroit Mercy
420,Toure' Murry,2014,2015,G-F,6-5	,195.0,"November 8, 1989",Wichita State University
421,Mike Muscala,2014,2018,F-C,6-11	,240.0,"July 1, 1991",Bucknell University
422,Angelo Musi,1947,1949,G,5-9	,145.0,"July 25, 1918",Temple University
423,Jerrod Mustaf,1991,1994,F-C,6-10	,238.0,"October 28, 1969",University of Maryland
424,Dikembe Mutombo*,1992,2009,C,7-2	,245.0,"June 25, 1966",Georgetown University
425,Martin Muursepp,1997,1998,F,6-9	,235.0,"September 26, 1974",
426,Pete Myers,1987,1998,G-F,6-6	,180.0,"September 15, 1963",University of Arkansas at Little Rock
