,Player,From,To,Pos,Ht,Wt,Birth Date,Colleges
0,Charles O'Bannon,1998,1999,G-F,6-5	,209,"February 22, 1975","University of California, Los Angeles"
1,Ed O'Bannon,1996,1997,F,6-8	,222,"August 14, 1972","University of California, Los Angeles"
2,John O'Boyle,1953,1953,G,6-2	,185,"March 7, 1928",Colorado State University
3,Bob O'Brien,1948,1949,F,6-4	,190,"January 26, 1927",Pepperdine University
4,J.J. O'Brien,2016,2016,F,6-7	,228,"April 8, 1992",San Diego State University
5,Jim O'Brien,1974,1975,F,6-7	,200,"November 7, 1951",University of Maryland
6,Jimmy O'Brien,1972,1975,G,6-1	,170,"April 9, 1950",Boston College
7,Ralph O'Brien,1952,1953,G,5-9	,160,"April 8, 1928",Butler University
8,Johnny O'Bryant,2015,2018,F-C,6-9	,257,"June 1, 1993",Louisiana State University
9,Patrick O'Bryant,2007,2010,C,7-0	,260,"June 20, 1986",Bradley University
10,Dermie O'Connell,1949,1950,G,6-0	,174,"April 13, 1928",College of the Holy Cross
11,Andy O'Donnell,1950,1950,G,6-1	,180,"March 10, 1925",Loyola College in Maryland
12,Buddy O'Grady,1947,1949,G,5-11	,160,"January 19, 1920",Georgetown University
13,Fran O'Hanlon,1971,1971,G,6-1	,175,"August 24, 1948",Villanova University
14,Dick O'Keefe,1948,1951,G-F,6-2	,185,"September 29, 1923",Santa Clara University
15,Tommy O'Keefe,1951,1951,G,6-2	,185,"June 3, 1928",Georgetown University
16,Mike O'Koren,1981,1988,F-G,6-7	,207,"February 7, 1958",University of North Carolina
17,Grady O'Malley,1970,1970,F,6-5	,205,"April 25, 1948",Manhattan College
18,Jermaine O'Neal,1997,2014,F-C,6-11	,226,"October 13, 1978",
19,Shaquille O'Neal*,1993,2011,C,7-1	,325,"March 6, 1972",Louisiana State University
20,Royce O'Neale,2018,2018,F,6-6	,215,"June 5, 1993",Baylor University
21,Mike O'Neill,1953,1953,F,6-3	,210,,University of California
22,Kyle O'Quinn,2013,2018,F-C,6-10	,250,"March 26, 1990",Norfolk State University
23,Kevin O'Shea,1951,1953,G,6-2	,175,"July 10, 1925",University of Notre Dame
24,Garland O'Shields,1947,1947,G-F,6-1	,195,"May 23, 1921",University of Tennessee
25,Dan O'Sullivan,1991,1996,C,6-10	,250,"March 3, 1968",Fordham University
26,Charles Oakley,1986,2004,F-C,6-8	,225,"December 18, 1963",Virginia Union University
27,Fabricio Oberto,2006,2011,C-F,6-10	,245,"March 21, 1975",
28,Daniel Ochefu,2017,2017,C,6-11	,245,"December 15, 1993",Villanova University
29,Greg Oden,2009,2014,C,7-0	,250,"January 22, 1988",Ohio State University
30,Lamar Odom,2000,2013,F,6-10	,220,"November 6, 1979",University of Rhode Island
31,Bud Ogden,1970,1971,F,6-6	,215,"December 29, 1946",Santa Clara University
32,Ralph Ogden,1971,1971,F,6-5	,205,"January 25, 1948",Santa Clara University
33,Alan Ogg,1991,1993,C,7-2	,240,"July 5, 1967",University of Alabama at Birmingham
34,Don Ohl,1961,1970,G,6-3	,190,"April 18, 1936",University of Illinois at Urbana-Champaign
35,Tim Ohlbrecht,2013,2013,C,6-11	,255,"August 30, 1988",
36,Semi Ojeleye,2018,2018,F,6-7	,241,"December 5, 1994",Southern Methodist University
37,Emeka Okafor,2005,2018,C-F,6-10	,252,"September 28, 1982",University of Connecticut
38,Jahlil Okafor,2016,2018,C-F,6-11	,275,"December 15, 1995",Duke University
39,Mehmet Okur,2003,2012,C-F,6-11	,249,"May 26, 1979",
40,Victor Oladipo,2014,2018,G,6-4	,210,"May 4, 1992",Indiana University
41,Hakeem Olajuwon*,1985,2002,C,7-0	,255,"January 21, 1963",University of Houston
42,Mark Olberding,1976,1987,F,6-8	,225,"April 21, 1956",University of Minnesota
43,Jawann Oldham,1981,1991,C,7-0	,215,"July 4, 1957",Seattle University
44,John Oldham,1950,1951,G,6-3	,175,"June 22, 1923",Western Kentucky University
45,Frank Oleynick,1976,1977,G,6-2	,185,"February 20, 1955",Seattle University
46,John Olive,1979,1980,F,6-7	,210,"March 1, 1955",Villanova University
47,Brian Oliver,1991,1998,G,6-4	,210,"June 1, 1968",Georgia Institute of Technology
48,Dean Oliver,2002,2003,G,5-11	,180,"November 5, 1978",University of Iowa
49,Jimmy Oliver,1992,1999,G-F,6-5	,205,"July 12, 1969",Purdue University
50,Kevin Ollie,1998,2010,G,6-4	,195,"December 27, 1972",University of Connecticut
51,Gene Ollrich,1950,1950,G,5-11	,160,"June 30, 1922",Drake University
52,Michael Olowokandi,1999,2007,C,7-0	,269,"April 3, 1975",University of the Pacific
53,Bud Olsen,1963,1970,F-C,6-8	,220,"July 25, 1940",University of Louisville
54,Kelly Olynyk,2014,2018,C-F,7-0	,238,"April 19, 1991",Gonzaga University
55,Arinze Onuaku,2014,2017,C,6-9	,255,"July 13, 1987",Syracuse University
56,Chinanu Onuaku,2017,2018,F-C,6-10	,245,"November 1, 1996",University of Louisville
57,Barry Orms,1969,1970,G,6-3	,190,"May 1, 1946",Saint Louis University
58,Johnny Orr,1950,1950,F,6-3	,195,"June 10, 1927",Beloit College
59,Louis Orr,1981,1988,F,6-8	,175,"May 7, 1958",Syracuse University
60,Jose Ortiz,1989,1990,F,6-10	,225,"October 25, 1963",Oregon State University
61,Daniel Orton,2012,2014,C-F,6-10	,255,"August 6, 1990",University of Kentucky
62,Chuck Osborne,1962,1962,F,6-6	,210,"January 21, 1939",Western Kentucky University
63,Cedi Osman,2018,2018,F,6-8	,210,"April 8, 1995",
64,Wally Osterkorn,1952,1955,F-C,6-5	,215,"July 6, 1928",University of Illinois at Urbana-Champaign
65,Greg Ostertag,1996,2006,C,7-2	,280,"March 6, 1973",University of Kansas
66,Matt Othick,1993,1993,G,6-2	,165,"March 16, 1969",University of Arizona
67,Don Otten,1950,1953,C,6-10	,240,"April 18, 1921",Bowling Green State University
68,Mac Otten,1950,1950,F-C,6-7	,220,"December 16, 1925",Bowling Green State University
69,Kelly Oubre,2016,2018,F,6-7	,205,"December 9, 1995",University of Kansas
70,Bo Outlaw,1994,2008,F,6-8	,210,"April 13, 1971","South Plains College, University of Houston"
71,Travis Outlaw,2004,2014,F,6-9	,210,"September 18, 1984",
72,Claude Overton,1953,1953,G,6-2	,195,"December 16, 1927",East Central University
73,Doug Overton,1993,2004,G,6-3	,190,"August 3, 1969",La Salle University
74,Andre Owens,2006,2008,G,6-4	,200,"October 31, 1980","Indiana University, University of Houston"
75,Billy Owens,1992,2001,F-G,6-8	,220,"May 1, 1969",Syracuse University
76,Chris Owens,2003,2003,F,6-7	,245,"March 1, 1979","Tulane University, University of Texas at Austin"
77,Eddie Owens,1978,1978,F,6-7	,210,"December 26, 1953","University of Nevada, Las Vegas"
78,Jim Owens,1974,1975,F,6-5	,200,"May 1, 1950",Arizona State University
79,Keith Owens,1992,1992,F,6-7	,225,"May 31, 1969","University of California, Los Angeles"
80,Larry Owens,2011,2012,F,6-7	,210,"January 8, 1983",Oral Roberts University
81,Red Owens,1950,1952,G-F,6-3	,185,"September 2, 1925",Baylor University
82,Tom Owens,1972,1983,C-F,6-10	,215,"June 28, 1949",University of South Carolina
83,Ray Owes,1997,1997,F,6-9	,224,"December 11, 1972",University of Arizona
84,Olumide Oyedeji,2001,2003,C,6-10	,240,"May 11, 1981",
