,Player,From,To,Pos,Ht,Wt,Birth Date,Colleges
0,Ivan Rabb,2018,2018,F,6-10	,220,"February 4, 1997",University of California
1,Luther Rackley,1970,1974,C,6-10	,220,"June 11, 1946",Xavier University
2,Howie Rader,1949,1949,G-F,6-1	,190,"March 29, 1921",Long Island University
3,Mark Radford,1982,1983,G,6-4	,190,"July 5, 1959",Oregon State University
4,Wayne Radford,1979,1979,G,6-3	,205,"May 29, 1956",Indiana University
5,Dino Radja*,1994,1997,F-C,6-11	,225,"April 24, 1967",
6,Vladimir Radmanovic,2002,2013,F,6-10	,227,"November 19, 1980",
7,Aleksandar Radojevic,2000,2005,C,7-3	,250,"August 8, 1976",Barton County Community College
8,Frank Radovich,1962,1962,F,6-8	,235,"March 3, 1938",Indiana University
9,Moe Radovich,1953,1953,G,6-0	,160,"May 5, 1929",University of Wyoming
10,Miroslav Raduljica,2014,2015,C,7-0	,250,"January 5, 1988",
11,Ray Radziszewski,1958,1958,F,6-5	,210,"March 1, 1935",Saint Joseph's University
12,Ray Ragelis,1952,1952,F,6-4	,205,"December 10, 1928",Northwestern University
13,Sherwin Raiken,1953,1953,G,6-2	,185,"October 29, 1928",Villanova University
14,Ed Rains,1982,1983,F,6-7	,190,"December 24, 1956",University of South Alabama
15,Igor Rakocevic,2003,2003,G,6-3	,183,"March 29, 1978",
16,Kurt Rambis,1982,1995,F,6-8	,213,"February 25, 1958",Santa Clara University
17,Peter John Ramos,2005,2005,C,7-3	,275,"May 13, 1985",
18,Cal Ramsey,1960,1961,F,6-4	,200,"July 13, 1937",New York University
19,Frank Ramsey*,1955,1964,F-G,6-3	,190,"July 13, 1931",University of Kentucky
20,Ray Ramsey,1949,1949,G-F,6-2	,165,"July 18, 1921",Bradley University
21,Mark Randall,1992,1995,F,6-8	,235,"September 30, 1967",University of Kansas
22,Chasson Randle,2017,2017,G,6-2	,185,"February 5, 1993",Stanford University
23,Julius Randle,2015,2018,F-C,6-9	,250,"November 29, 1994",University of Kentucky
24,Anthony Randolph,2009,2014,F,6-10	,205,"July 15, 1989",Louisiana State University
25,Shavlik Randolph,2006,2015,F,6-10	,240,"November 24, 1983",Duke University
26,Zach Randolph,2002,2018,F-C,6-9	,260,"July 16, 1981",Michigan State University
27,Wally Rank,1981,1981,F-G,6-6	,220,"March 1, 1958",San Jose State University
28,Kelvin Ransey,1981,1986,G,6-1	,170,"May 3, 1958",Ohio State University
29,Sam Ranzino,1952,1952,G,6-1	,185,"June 23, 1928",North Carolina State University
30,Bobby Rascoe,1968,1970,G-F,6-4	,205,"July 22, 1940",Western Kentucky University
31,Blair Rasmussen,1986,1993,C,7-0	,250,"November 13, 1962",University of Oregon
32,Xavier Rathan-Mayes,2018,2018,G,6-4	,208,"April 29, 1994",Florida State University
33,George Ratkovicz,1950,1955,C-F,6-6	,220,"November 13, 1922",
34,Ed Ratleff,1974,1978,F-G,6-6	,195,"March 29, 1950","California State University, Long Beach"
35,Mike Ratliff,1973,1974,C,6-10	,230,"June 7, 1951",University of Wisconsin-Eau Claire
36,Theo Ratliff,1996,2011,C-F,6-10	,225,"April 17, 1973",University of Wyoming
37,Andy Rautins,2011,2011,G,6-4	,190,"November 2, 1986",Syracuse University
38,Leo Rautins,1984,1985,F,6-8	,215,"March 20, 1960","University of Minnesota, Syracuse University"
39,Allan Ray,2007,2007,G,6-2	,190,"June 17, 1984",Villanova University
40,Clifford Ray,1972,1981,C,6-9	,230,"January 21, 1949",University of Oklahoma
41,Don Ray,1950,1950,F-C,6-5	,190,"July 8, 1921",Western Kentucky University
42,James Ray,1981,1983,F,6-8	,215,"July 27, 1957",Jacksonville University
43,Jim Ray,1957,1960,G,6-1	,180,"January 12, 1934",University of Toledo
44,Jimmy Rayl,1968,1969,G,6-2	,175,"June 21, 1941",Indiana University
45,Craig Raymond,1969,1973,C,6-11	,235,"April 5, 1945",Brigham Young University
46,Connie Rea,1954,1954,G-F,6-3	,175,"January 27, 1935",Centenary College of Louisiana
47,Joe Reaves,1974,1974,F,6-5	,210,"May 27, 1950",Bethel College
48,Zeljko Rebraca,2002,2006,C,7-0	,257,"April 9, 1972",
49,Eldridge Recasner,1995,2002,G,6-3	,190,"December 14, 1967",University of Washington
50,Michael Redd,2001,2012,G,6-6	,220,"August 24, 1979",Ohio State University
51,Frank Reddout,1954,1954,F,6-5	,195,,Syracuse University
52,J.J. Redick,2007,2018,G,6-4	,190,"June 24, 1984",Duke University
53,Marlon Redmond,1979,1980,G,6-6	,188,"April 15, 1955",University of San Francisco
54,Davon Reed,2018,2018,G,6-5	,208,"June 11, 1995",University of Miami
55,Hub Reed,1959,1965,C-F,6-9	,215,"October 4, 1936",Oklahoma City University
56,Justin Reed,2005,2007,F,6-8	,240,"January 16, 1982",University of Mississippi
57,Ron Reed,1966,1967,F,6-5	,205,"November 2, 1942",University of Notre Dame
58,Willie Reed,2016,2018,F-C,6-10	,220,"May 16, 1990",Saint Louis University
59,Willis Reed*,1965,1974,C-F,6-9	,235,"June 25, 1942",Grambling State University
60,Bryant Reeves,1996,2001,C,7-0	,275,"June 8, 1973",Oklahoma State University
61,Khalid Reeves,1995,2000,G,6-3	,199,"July 15, 1972",University of Arizona
62,Richie Regan,1956,1958,G,6-2	,180,"November 30, 1930",Seton Hall University
63,Don Rehfeldt,1951,1952,F,6-7	,210,"January 7, 1927",University of Wisconsin
64,Billy Reid,1981,1981,G,6-5	,190,"September 10, 1957","University of New Mexico, University of San Francisco"
65,Don Reid,1996,2003,F,6-8	,250,"December 30, 1973",Georgetown University
66,J.R. Reid,1990,2001,F,6-9	,247,"March 31, 1968",University of North Carolina
67,Jim Reid,1968,1968,F,6-6	,210,"August 3, 1945",Winston-Salem State University
68,Robert Reid,1978,1991,F-G,6-8	,205,"August 30, 1955",St. Mary's University
69,Ryan Reid,2012,2012,F,6-8	,232,"October 30, 1986",Florida State University
70,Jared Reiner,2005,2007,C,6-11	,255,"April 8, 1982",University of Iowa
71,Chick Reiser,1948,1950,G-F,5-11	,165,"December 17, 1914",New York University
72,Richard Rellford,1988,1988,F,6-6	,230,"February 16, 1964",University of Michigan
73,Terrence Rencher,1996,1996,G,6-3	,185,"February 19, 1973",University of Texas at Austin
74,John Rennicke,1952,1952,G,6-2	,185,"August 11, 1929",Drake University
75,Bob Rensberger,1947,1947,F,6-2	,170,"March 7, 1921",University of Notre Dame
76,Efthimi Rentzias,2003,2003,C,6-11	,250,"January 11, 1976",
77,Shawn Respert,1996,1999,G,6-1	,195,"February 6, 1972",Michigan State University
78,Kevin Restani,1975,1982,F-C,6-9	,225,"December 23, 1951",University of San Francisco
79,George Reynolds,1970,1970,G,6-4	,195,"November 23, 1947",University of Houston
80,Jerry Reynolds,1986,1996,G-F,6-8	,200,"December 23, 1962",Louisiana State University
81,Kendall Rhine,1968,1969,C,6-10	,230,"February 13, 1943",Rice University
82,Gene Rhodes,1953,1953,G,6-1	,170,"September 2, 1927",Western Kentucky University
83,Rodrick Rhodes,1998,2000,G-F,6-6	,225,"September 24, 1973","University of Kentucky, University of Southern California"
84,Glen Rice,1990,2004,F,6-7	,215,"May 28, 1967",University of Michigan
85,Glen Rice,2014,2015,G,6-6	,206,"January 1, 1991",Georgia Institute of Technology
86,Chris Richard,2008,2010,F,6-9	,270,"December 25, 1984",University of Florida
87,Clint Richardson,1980,1987,G,6-3	,195,"August 7, 1956",Seattle University
88,Jason Richardson,2002,2015,G,6-6	,220,"January 20, 1981",Michigan State University
89,Jeremy Richardson,2007,2009,G-F,6-6	,185,"February 11, 1984",Delta State University
90,Josh Richardson,2016,2018,G,6-6	,200,"September 15, 1993",University of Tennessee
91,Malachi Richardson,2017,2018,G,6-6	,205,"January 5, 1996",Syracuse University
92,Micheal Ray Richardson,1979,1986,G-F,6-5	,189,"April 11, 1955",University of Montana
93,Norm Richardson,2002,2002,G,6-5	,190,"July 24, 1979",Hofstra University
94,Pooh Richardson,1990,1999,G,6-1	,180,"May 14, 1966","University of California, Los Angeles"
95,Quentin Richardson,2001,2013,G,6-6	,223,"April 13, 1980",DePaul University
96,Mitch Richmond*,1989,2002,G,6-5	,215,"June 30, 1965",Kansas State University
97,John Richter,1960,1960,F,6-9	,225,"March 12, 1937",North Carolina State University
98,Dick Ricketts,1956,1958,F-C,6-7	,215,"December 4, 1933",Duquesne University
99,Isaiah Rider,1994,2002,G,6-5	,215,"March 12, 1971","University of Nevada, Las Vegas"
100,Jackie Ridgle,1972,1972,G,6-4	,195,"February 13, 1948",University of California
101,Luke Ridnour,2004,2015,G,6-2	,175,"February 13, 1981",University of Oregon
102,Mel Riebe,1947,1949,G-F,5-11	,180,"July 12, 1916",College of Wooster
103,Bob Riedy,1968,1968,F,6-6	,215,"August 26, 1945",Duke University
104,Jim Riffey,1951,1951,F,6-4	,200,"December 14, 1923",Tulane University
105,Antoine Rigaudeau,2003,2003,G,6-7	,210,"December 17, 1971",
106,Tom Riker,1973,1975,C-F,6-10	,225,"February 28, 1950",University of South Carolina
107,Bob Riley,1971,1971,F,6-9	,235,"July 6, 1948",Mount St. Mary's University
108,Eric Riley,1994,1999,C,7-0	,245,"June 2, 1970",University of Michigan
109,Pat Riley*,1968,1976,G-F,6-4	,205,"March 20, 1945",University of Kentucky
110,Ron Riley,1973,1976,F,6-8	,195,"November 11, 1950",University of Southern California
111,Rich Rinaldi,1972,1974,G,6-3	,195,"August 3, 1949",Saint Peter's College
112,Mike Riordan,1969,1977,G-F,6-4	,200,"July 9, 1945",Providence College
113,Arnie Risen*,1949,1958,C-F,6-9	,200,"October 9, 1924",Ohio State University
114,Tex Ritter,1949,1951,G-F,6-2	,185,"February 26, 1924",Eastern Kentucky University
115,Ramon Rivas,1989,1989,F-C,6-10	,260,"June 3, 1966",Temple University
116,Austin Rivers,2013,2018,G,6-4	,200,"August 1, 1992",Duke University
117,David Rivers,1989,1992,G,6-0	,170,"January 20, 1965",University of Notre Dame
118,Doc Rivers,1984,1996,G,6-4	,185,"October 13, 1961",Marquette University
119,Lee Robbins,1948,1949,F,6-3	,175,"February 11, 1922",University of Colorado
120,Red Robbins,1968,1975,F-C,6-8	,190,"September 30, 1944",University of Tennessee
121,Andre Roberson,2014,2018,G-F,6-7	,210,"December 4, 1991",University of Colorado
122,Anthony Roberson,2006,2009,G,6-2	,180,"February 14, 1983",University of Florida
123,Rick Roberson,1970,1976,C-F,6-9	,231,"July 7, 1947",University of Cincinnati
124,Terrance Roberson,2001,2001,F,6-7	,215,"December 30, 1976","California State University, Fresno"
125,Anthony Roberts,1978,1984,F-G,6-5	,185,"April 15, 1955",Oral Roberts University
126,Bill Roberts,1949,1950,C,6-9	,210,"March 13, 1925",University of Wyoming
127,Brian Roberts,2013,2017,G,6-1	,173,"December 3, 1985",University of Dayton
128,Fred Roberts,1984,1997,F-C,6-10	,218,"August 14, 1960",Brigham Young University
129,Joe Roberts,1961,1968,F,6-6	,214,"May 18, 1936",Ohio State University
130,Lawrence Roberts,2006,2007,F,6-9	,240,"October 20, 1982","Baylor University, Mississippi State University"
131,Marv Roberts,1972,1977,F-C,6-8	,200,"January 29, 1950",Utah State University
132,Stanley Roberts,1992,2000,C,7-0	,285,"February 7, 1970",Louisiana State University
133,Alvin Robertson,1985,1996,G,6-3	,185,"July 22, 1962",University of Arkansas
134,Oscar Robertson*,1961,1974,G-F,6-5	,205,"November 24, 1938",University of Cincinnati
135,Ryan Robertson,2000,2000,G,6-5	,190,"October 2, 1976",University of Kansas
136,Tony Robertson,1978,1979,G,6-4	,195,"January 1, 1956",West Virginia University
137,Rick Robey,1979,1986,C-F,6-11	,230,"January 30, 1956",University of Kentucky
138,Bernard Robinson,2005,2007,G-F,6-6	,210,"December 26, 1980",University of Michigan
139,Chris Robinson,1997,1998,G,6-5	,200,"April 2, 1974",Western Kentucky University
140,Cliff Robinson,1980,1992,F,6-9	,220,"March 13, 1960",University of Southern California
141,Clifford Robinson,1990,2007,F-C,6-10	,225,"December 16, 1966",University of Connecticut
142,David Robinson*,1990,2003,C,7-1	,235,"August 6, 1965",United States Naval Academy
143,Devin Robinson,2018,2018,F,6-8	,190,"March 7, 1995",University of Florida
144,Eddie Robinson,2000,2004,G-F,6-8	,210,"April 19, 1976",University of Central Oklahoma
145,Flynn Robinson,1967,1974,G,6-1	,185,"April 28, 1941",University of Wyoming
146,Glenn Robinson,1995,2005,F,6-7	,225,"January 10, 1973",Purdue University
147,Glenn Robinson,2015,2018,G-F,6-6	,222,"January 8, 1994",University of Michigan
148,Jackie Robinson,1979,1982,F,6-6	,210,"May 20, 1955","University of Nevada, Las Vegas"
149,Jamal Robinson,2001,2001,F,6-7	,212,"December 27, 1973",University of Virginia
150,James Robinson,1994,2001,G,6-2	,180,"August 31, 1970",University of Alabama
151,Larry Robinson,1991,2002,F-G,6-3	,180,"January 11, 1968",Centenary College of Louisiana
152,Nate Robinson,2006,2016,G,5-9	,180,"May 31, 1984",University of Washington
153,Oliver Robinson,1983,1983,G,6-4	,180,"March 13, 1960",University of Alabama at Birmingham
154,Ronnie Robinson,1974,1975,F,6-8	,200,"March 9, 1951",University of Memphis
155,Rumeal Robinson,1991,1997,G,6-2	,195,"November 13, 1966",University of Michigan
156,Samuel Robinson,1971,1972,F,6-7	,190,"January 1, 1948","California State University, Long Beach"
157,Thomas Robinson,2013,2017,F,6-10	,237,"March 17, 1991",University of Kansas
158,Truck Robinson,1975,1985,F-C,6-7	,225,"October 4, 1951",Tennessee State University
159,Wayne Robinson,1981,1981,F,6-8	,217,"April 19, 1958",Virginia Polytechnic Institute and State University
160,Wilbert Robinson,1974,1974,G,6-2	,175,"December 25, 1949",West Virginia University
161,Bill Robinzine,1976,1982,F,6-7	,230,"January 20, 1953",DePaul University
162,Dave Robisch,1972,1984,C-F,6-10	,235,"December 22, 1949",University of Kansas
163,Red Rocha,1948,1957,C-F,6-9	,185,"September 18, 1923",Oregon State University
164,John Roche,1972,1982,G,6-3	,170,"September 26, 1949",University of South Carolina
165,Gene Rock,1948,1948,G,5-9	,155,"November 4, 1921",University of Southern California
166,Jack Rocker,1948,1948,C-F,6-5	,185,"August 12, 1922",University of California
167,Guy Rodgers*,1959,1970,G,6-0	,185,"September 1, 1935",Temple University
168,Dennis Rodman*,1987,2000,F,6-7	,210,"May 13, 1961",Southeastern Oklahoma State University
169,Sergio Rodriguez,2007,2017,G,6-3	,176,"June 12, 1986",
170,Lou Roe,1996,1997,F,6-7	,220,"July 14, 1972",University of Massachusetts Amherst
171,Carlos Rogers,1995,2002,C-F,6-11	,220,"February 6, 1971","University of Arkansas at Little Rock, Tennessee State University"
172,Harry Rogers,1976,1976,F,6-7	,195,"December 31, 1950",Saint Louis University
173,Johnny Rogers,1987,1988,F-C,6-10	,225,"December 30, 1963","Stanford University, University of California, Irvine"
174,Marshall Rogers,1977,1977,G,6-1	,190,"August 27, 1953",University of Texas-Pan American
175,Rodney Rogers,1994,2005,F,6-7	,235,"June 20, 1971",Wake Forest University
176,Roy Rogers,1997,2000,F,6-10	,235,"August 19, 1973",University of Alabama
177,Willie Rogers,1969,1969,G-F,6-3	,185,"September 11, 1945",University of Oklahoma
178,Al Roges,1954,1955,G-F,6-4	,195,"October 25, 1930",Long Island University
179,Ken Rohloff,1964,1964,G,6-0	,195,"April 18, 1939",North Carolina State University
180,Kenny Rollins,1949,1953,G,6-0	,168,"September 14, 1923",University of Kentucky
181,Phil Rollins,1959,1961,G,6-2	,185,"January 19, 1934",University of Louisville
182,Tree Rollins,1978,1995,C,7-1	,235,"June 16, 1955",Clemson University
183,Lorenzo Romar,1981,1985,G,6-1	,175,"November 13, 1958",University of Washington
184,Rajon Rondo,2007,2018,G,6-1	,186,"February 22, 1986",University of Kentucky
185,Jerry Rook,1970,1970,F,6-5	,219,"October 27, 1943",Arkansas State University
186,Sean Rooks,1993,2004,C,6-10	,250,"September 9, 1969",University of Arizona
187,Derrick Rose,2009,2018,G,6-3	,190,"October 4, 1988",University of Memphis
188,Jalen Rose,1995,2007,G-F,6-8	,210,"January 30, 1973",University of Michigan
189,Malik Rose,1997,2009,F,6-7	,250,"November 23, 1974",Drexel University
190,Rob Rose,1989,1989,G,6-5	,180,"December 27, 1964",George Mason University
191,Petey Rosenberg,1947,1947,G,5-10	,165,"April 7, 1918",Saint Joseph's University
192,Lennie Rosenbluth,1958,1959,F,6-4	,190,"January 22, 1933",University of North Carolina
193,Hank Rosenstein,1947,1947,F,6-4	,185,"June 16, 1920",City College of New York
194,Dick Rosenthal,1955,1957,F-G,6-5	,205,"January 20, 1930",University of Notre Dame
195,Quinton Ross,2005,2011,G,6-6	,195,"April 30, 1981",Southern Methodist University
196,Terrence Ross,2013,2018,F-G,6-7	,206,"February 5, 1991",University of Washington
197,Doug Roth,1990,1990,C,6-11	,255,"August 24, 1967",University of Tennessee
198,Scott Roth,1988,1990,F,6-8	,212,"June 3, 1963",University of Wisconsin
199,Irv Rothenberg,1947,1949,C,6-7	,215,"December 31, 1921",Long Island University
200,Mickey Rottner,1947,1948,G,5-10	,180,"March 23, 1919",Loyola University of Chicago
201,Dan Roundfield,1976,1987,F-C,6-8	,205,"May 26, 1953",Central Michigan University
202,Giff Roux,1947,1949,F-C,6-5	,195,"June 28, 1923",University of Kansas
203,Ron Rowan,1987,1987,G,6-5	,200,"April 23, 1962","University of Notre Dame, St. John's University"
204,Curtis Rowe,1972,1979,F,6-7	,225,"July 2, 1949","University of California, Los Angeles"
205,Jim Rowinski,1989,1990,F-C,6-8	,250,"January 4, 1961",Purdue University
206,Derrick Rowland,1986,1986,G,6-5	,195,"June 21, 1959",State University of New York at Potsdam
207,Brian Rowsom,1988,1990,F,6-9	,220,"October 23, 1965",University of North Carolina at Wilmington
208,Brandon Roy,2007,2013,G,6-6	,215,"July 23, 1984",University of Washington
209,Donald Royal,1990,1998,F,6-8	,210,"May 22, 1966",University of Notre Dame
210,Reggie Royals,1975,1975,C,6-10	,200,"September 18, 1950",Florida State University
211,Bob Royer,1950,1950,G,5-10	,155,"October 15, 1927",Indiana State University
212,Clifford Rozier,1995,1998,C-F,6-11	,245,"October 31, 1972","University of North Carolina, University of Louisville"
213,Terry Rozier,2016,2018,G,6-2	,190,"March 17, 1994",University of Louisville
214,Ricky Rubio,2012,2018,G,6-4	,194,"October 21, 1990",
215,Guy Rucker,2003,2003,F-C,6-11	,265,"July 27, 1977",University of Iowa
216,Delaney Rudd,1990,1993,G,6-2	,180,"November 8, 1962",Wake Forest University
217,John Rudd,1979,1979,F,6-7	,230,"August 7, 1955",McNeese State University
218,Damjan Rudez,2015,2017,F,6-10	,228,"June 17, 1986",
219,John Rudometkin,1963,1965,F,6-6	,205,"June 6, 1940",University of Southern California
220,Michael Ruffin,2000,2009,F,6-9	,246,"January 21, 1977",University of Tulsa
221,Trevor Ruffin,1995,1996,G,6-1	,185,"September 26, 1970",University of Hawaii
222,Paul Ruffner,1971,1976,C-F,6-10	,225,"October 15, 1948",Brigham Young University
223,Joe Ruklick,1960,1962,F-C,6-9	,220,"August 3, 1938",Northwestern University
224,Jeff Ruland,1982,1993,C-F,6-10	,240,"December 16, 1958",Iona College
225,Bob Rule,1968,1975,C-F,6-9	,220,"June 29, 1944",Colorado State University
226,Jerry Rullo,1947,1950,G,5-10	,165,"June 23, 1923",Temple University
227,Stefano Rusconi,1996,1996,C-F,6-9	,240,"October 2, 1968",
228,Brandon Rush,2009,2017,G-F,6-6	,220,"July 7, 1985",University of Kansas
229,Kareem Rush,2003,2010,G,6-6	,215,"October 30, 1980",University of Missouri
230,Bill Russell*,1957,1969,C,6-10	,215,"February 12, 1934",University of San Francisco
231,Bryon Russell,1994,2006,F,6-7	,225,"December 31, 1970","California State University, Long Beach"
232,Campy Russell,1975,1985,F,6-8	,215,"January 12, 1952",University of Michigan
233,Cazzie Russell,1967,1978,F-G,6-5	,218,"June 7, 1944",University of Michigan
234,D'Angelo Russell,2016,2018,G,6-5	,195,"February 23, 1996",Ohio State University
235,Frank Russell,1973,1973,G,6-3	,180,"April 17, 1949",University of Detroit Mercy
236,Pierre Russell,1972,1973,F-G,6-4	,190,"December 13, 1949",University of Kansas
237,Rubin Russell,1968,1968,G,6-2	,180,"November 7, 1944",University of North Texas
238,Walker Russell,1983,1988,G,6-5	,195,"October 26, 1960","University of Houston, Western Michigan University"
239,Walker Russell,2012,2012,G,6-0	,170,"October 6, 1982",Jacksonville State University
