,Player,From,To,Pos,Ht,Wt,Birth Date,Colleges
0,Arvydas Sabonis*,1996,2003,C,7-3	,279,"December 19, 1964",
1,Domantas Sabonis,2017,2018,F-C,6-11	,240,"May 3, 1996",Gonzaga University
2,Robert Sacre,2013,2016,C,7-0	,270,"June 6, 1989",Gonzaga University
3,Ed Sadowski,1947,1950,C,6-5	,240,"July 11, 1917",Seton Hall University
4,Kenny Sailors,1947,1951,G,5-10	,175,"January 14, 1921",University of Wyoming
5,John Salley,1987,2000,F-C,6-11	,230,"May 16, 1964",Georgia Institute of Technology
6,John Salmons,2003,2015,G,6-7	,210,"December 12, 1979",University of Miami
7,Al Salvadori,1968,1968,F,6-9	,220,"May 6, 1945",University of South Carolina
8,Kevin Salvadori,1997,1998,C,7-0	,231,"December 30, 1970",University of North Carolina
9,Soumaila Samake,2001,2003,C,7-0	,230,"March 18, 1978",
10,Cheikh Samb,2008,2009,C,7-1	,245,"October 22, 1984",
11,JaKarr Sampson,2015,2018,G-F,6-9	,214,"March 20, 1993",St. John's University
12,Jamal Sampson,2003,2007,F-C,6-11	,235,"May 15, 1983",University of California
13,Ralph Sampson*,1984,1992,C-F,7-4	,228,"July 7, 1960",University of Virginia
14,Samardo Samuels,2011,2013,F,6-9	,260,"January 9, 1989",University of Louisville
15,Pepe Sanchez,2001,2003,G,6-4	,195,"May 8, 1977",Temple University
16,Al Sanders,1973,1973,F,6-7	,240,"January 1, 1950",Louisiana State University
17,Frankie Sanders,1979,1981,F-G,6-6	,200,"January 23, 1957",Southern University and A&M College
18,Jeff Sanders,1990,1993,F,6-8	,225,"January 14, 1966",Georgia Southern University
19,Larry Sanders,2011,2017,C-F,6-11	,235,"November 21, 1988",Virginia Commonwealth University
20,Melvin Sanders,2006,2006,G-F,6-5	,210,"January 3, 1981","Seward County Community College, Oklahoma State University"
21,Mike Sanders,1983,1993,F-G,6-6	,210,"May 7, 1960","University of California, Los Angeles"
22,Tom Sanders*,1961,1973,F,6-6	,210,"November 8, 1938",New York University
23,Ron Sanford,1972,1972,F,6-9	,215,"June 11, 1946",University of New Mexico
24,Daniel Santiago,2001,2005,C,7-1	,256,"June 24, 1976","University of New Mexico, Saint Vincent College"
25,Bob Santini,1956,1956,F,6-5	,190,"February 17, 1935",Iona College
26,Wayne Sappleton,1985,1985,F,6-9	,215,"November 17, 1960",Loyola University of Chicago
27,Dario Saric,2017,2018,F,6-10	,223,"April 8, 1994",
28,Jason Sasser,1997,1999,F,6-7	,225,"January 13, 1974",Texas Tech University
29,Jeryl Sasser,2002,2003,G,6-6	,200,"February 13, 1979",Southern Methodist University
30,Tomas Satoransky,2017,2018,G,6-7	,210,"October 30, 1991",
31,Kenny Satterfield,2002,2003,G,6-2	,186,"April 10, 1981",University of Cincinnati
32,Pep Saul,1950,1955,G-F,6-2	,185,"February 16, 1924",Seton Hall University
33,Woody Sauldsberry,1958,1966,F-C,6-7	,220,"July 11, 1934",Texas Southern University
34,Glynn Saulters,1969,1969,G,6-2	,175,"February 10, 1945",University of Louisiana at Monroe
35,Fred Saunders,1975,1978,F,6-7	,210,"June 13, 1951",Syracuse University
36,Don Savage,1952,1957,F-G,6-3	,205,"April 9, 1928",LeMoyne College
37,Predrag Savovic,2003,2003,G,6-6	,225,"May 21, 1976","University of Alabama at Birmingham, University of Hawaii"
38,Alan Sawyer,1951,1951,F,6-5	,195,"January 1, 1928","University of California, Los Angeles"
39,Brian Scalabrine,2002,2012,F,6-9	,241,"March 18, 1978",University of Southern California
40,Alex Scales,2006,2006,G,6-4	,185,"July 3, 1978",University of Oregon
41,DeWayne Scales,1981,1984,F,6-8	,208,"December 28, 1958",Louisiana State University
42,Frank Schade,1973,1973,G,6-1	,170,"January 22, 1950",University of Wisconsin-Eau Claire
43,Ben Schadler,1948,1948,F,6-0	,185,"March 9, 1924",Northwestern University
44,Herm Schaefer,1949,1950,G-F,6-0	,175,"December 20, 1918",Indiana University
45,Billy Schaeffer,1974,1976,F,6-5	,200,"December 11, 1951",St. John's University
46,Bob Schafer,1956,1957,G,6-3	,195,,Villanova University
47,Ben Scharnus,1947,1949,F,6-2	,173,"December 11, 1917",Seton Hall University
48,Marv Schatzman,1950,1950,F,6-5	,200,"February 18, 1927",Saint Louis University
49,Fred Schaus,1950,1954,F,6-5	,205,"June 30, 1925",West Virginia University
50,Danny Schayes,1982,1999,C-F,6-11	,235,"May 10, 1959",Syracuse University
51,Dolph Schayes*,1950,1964,F-C,6-8	,220,"May 19, 1928",New York University
52,Ossie Schectman,1947,1947,G,6-0	,175,"March 30, 1919",Long Island University
53,Steve Scheffler,1991,1997,C-F,6-9	,250,"September 3, 1967",Purdue University
54,Tom Scheffler,1985,1985,C,6-11	,240,"October 27, 1954",Purdue University
55,Dave Schellhase,1967,1968,G,6-3	,205,"October 14, 1944",Purdue University
56,Luke Schenscher,2006,2007,C,7-1	,255,"December 31, 1982",Georgia Institute of Technology
57,Herb Scherer,1951,1952,C,6-9	,212,"December 21, 1928",Long Island University
58,Dwayne Schintzius,1991,1999,C,7-1	,260,"October 14, 1968",University of Florida
59,Dale Schlueter,1969,1978,C,6-10	,225,"November 12, 1945",Colorado State University
60,Otto Schnellbacher,1949,1949,F-G,6-4	,185,"April 15, 1923",University of Kansas
61,Dick Schnittker,1951,1958,F,6-5	,200,"May 27, 1928",Ohio State University
62,Russ Schoene,1983,1989,F-C,6-10	,210,"April 16, 1960",University of Tennessee at Chattanooga
63,Dave Scholz,1970,1970,F,6-8	,220,"April 12, 1948",University of Illinois at Urbana-Champaign
64,Milt Schoon,1947,1950,C,6-7	,230,"February 25, 1922",Valparaiso University
65,Detlef Schrempf,1986,2001,F-C,6-9	,214,"January 21, 1963",University of Washington
66,Dennis Schroder,2014,2018,G,6-1	,172,"September 15, 1993",
67,Howie Schultz,1950,1953,C-F,6-6	,200,"July 3, 1922",Hamline University
68,Dick Schulz,1947,1950,F-G,6-2	,192,"January 3, 1917",University of Wisconsin
69,Roger Schurig,1968,1968,G,6-3	,185,"April 3, 1942",Vanderbilt University
70,John Schweitz,1985,1987,G,6-6	,210,"April 19, 1960",University of Richmond
71,Luis Scola,2008,2017,F,6-9	,240,"April 30, 1980",
72,Fred Scolari,1947,1955,G,5-10	,180,"March 1, 1922",University of San Francisco
73,Alvin Scott,1978,1985,F-G,6-7	,185,"September 14, 1955",Oral Roberts University
74,Brent Scott,1997,1997,F-C,6-10	,250,"June 15, 1971",Rice University
75,Byron Scott,1984,1997,G,6-3	,195,"March 28, 1961",Arizona State University
76,Charlie Scott*,1971,1980,G-F,6-5	,175,"December 15, 1948",University of North Carolina
77,Dennis Scott,1991,2000,F,6-8	,229,"September 5, 1968",Georgia Institute of Technology
78,James Scott,1997,1997,F,6-6	,180,"June 6, 1972",St. John's University
79,Mike Scott,2013,2018,F,6-8	,237,"July 16, 1988",University of Virginia
80,Ray Scott,1962,1972,F-C,6-9	,215,"July 12, 1938",University of Portland
81,Shawnelle Scott,1997,2002,C,6-10	,250,"June 16, 1972",St. John's University
82,Willie Scott,1970,1970,F,6-5	,210,"May 22, 1947",Alabama State University
83,Paul Scranton,1968,1968,F,6-5	,230,"April 30, 1944","California State Polytechnic University, Pomona"
84,Carey Scurry,1986,1988,F,6-7	,188,"December 4, 1962",Long Island University
85,Bruce Seals,1974,1978,F,6-8	,210,"June 18, 1953",Xavier University of Louisiana
86,Shea Seals,1998,1998,G,6-5	,210,"August 26, 1975",University of Tulsa
87,Malik Sealy,1993,2000,G,6-8	,190,"February 1, 1970",St. John's University
88,Ed Searcy,1976,1976,F,6-6	,210,"April 17, 1952",St. John's University
89,Kenny Sears,1956,1964,F,6-9	,198,"August 17, 1933",Santa Clara University
90,Wayne See,1950,1950,G,6-3	,190,"November 3, 1923",Northern Arizona University
91,Thabo Sefolosha,2007,2018,G-F,6-7	,220,"May 2, 1984",
92,Rony Seikaly,1989,1999,C,6-11	,230,"May 10, 1965",Syracuse University
93,Glen Selbo,1950,1950,G-F,6-3	,196,"March 29, 1926",University of Wisconsin
94,Josh Selby,2012,2013,G,6-2	,183,"March 27, 1991",University of Kansas
95,Wayne Selden,2017,2018,G-F,6-5	,230,"September 30, 1994",University of Kansas
96,Brad Sellers,1987,1993,C-F,7-0	,210,"December 17, 1962","University of Wisconsin, Ohio State University"
97,Phil Sellers,1977,1977,F-G,6-4	,195,"November 20, 1953",Rutgers University
98,Rollie Seltz,1950,1950,G-F,5-10	,165,"January 25, 1924",Hamline University
99,Lester Selvage,1968,1970,G,6-1	,175,"March 7, 1943",Truman State University
100,Frank Selvy,1955,1964,G-F,6-3	,180,"November 9, 1932",Furman University
101,Jim Seminoff,1947,1950,G-F,6-2	,190,"September 1, 1922",University of Southern California
102,Mouhamed Sene,2007,2009,C-F,6-11	,230,"May 12, 1986",
103,George Senesky,1947,1954,G,6-2	,179,"April 4, 1922",Saint Joseph's University
104,Kevin Seraphin,2011,2017,F,6-9	,285,"December 7, 1989",
105,Ansu Sesay,2002,2005,F,6-9	,225,"July 29, 1976",University of Mississippi
106,Ramon Sessions,2008,2018,G,6-3	,190,"April 11, 1986","University of Nevada, Reno"
107,Ha Seung-Jin,2005,2006,C,7-3	,305,"August 4, 1985",
108,Tom Sewell,1985,1985,G,6-5	,185,"March 11, 1962",Lamar University
109,Paul Seymour,1948,1960,G-F,6-1	,180,"January 30, 1928",University of Toledo
110,Nick Shaback,1947,1947,G,5-11	,180,"September 10, 1918",
111,Lynn Shackelford,1970,1970,F,6-5	,190,"August 27, 1947","University of California, Los Angeles"
112,Charles Shackleford,1989,1999,F-C,6-10	,225,"April 22, 1966",North Carolina State University
113,Carl Shaeffer,1950,1951,F-G,6-3	,185,"October 25, 1924",University of Alabama
114,Lee Shaffer,1962,1964,F,6-7	,220,"February 23, 1939",University of North Carolina
115,Mustafa Shakur,2011,2014,G,6-3	,190,"August 18, 1984",University of Arizona
116,God Shammgod,1998,1998,G,6-0	,169,"April 29, 1976",Providence College
117,Earl Shannon,1947,1949,G-F,5-11	,170,"November 23, 1921",University of Rhode Island
118,Howie Shannon,1949,1950,G-F,6-2	,175,"June 10, 1923",Kansas State University
119,Chuck Share,1952,1960,C,6-11	,235,"March 14, 1927",Bowling Green State University
120,Bill Sharman*,1951,1961,G,6-1	,175,"May 25, 1926",University of Southern California
121,Walter Sharpe,2009,2009,F,6-9	,245,"July 18, 1986","Mississippi State University, University of Alabama at Birmingham"
122,John Shasky,1989,1991,C,6-11	,235,"July 31, 1964",University of Minnesota
123,Ron Shavlik,1957,1958,F,6-8	,200,"December 4, 1933",North Carolina State University
124,Brian Shaw,1989,2003,G,6-6	,190,"March 22, 1966","Saint Mary's College of California, University of California, Santa Barbara"
125,Casey Shaw,1999,1999,C,6-11	,260,"July 20, 1975",University of Toledo
126,Bob Shea,1947,1947,F,6-2	,194,"September 11, 1924",University of Rhode Island
127,Fred Sheffield,1947,1947,F,6-2	,165,"November 5, 1923",University of Utah
128,Craig Shelton,1981,1982,F,6-7	,210,"May 1, 1957",Georgetown University
129,Lonnie Shelton,1977,1986,F-C,6-8	,240,"October 19, 1955",Oregon State University
130,Tornike Shengelia,2013,2014,F,6-9	,217,"October 5, 1991",
131,Billy Shepherd,1973,1975,G,5-10	,160,"November 18, 1949",Butler University
132,Jeffrey Sheppard,1999,1999,G,6-3	,190,"September 29, 1974",University of Kentucky
133,Steve Sheppard,1978,1979,F,6-6	,215,"March 21, 1954",University of Maryland
134,Ed Sherod,1983,1983,G,6-2	,170,"September 13, 1959",Virginia Commonwealth University
135,Charley Shipp,1950,1950,G-F,6-1	,200,"December 3, 1913",Catholic University of America
136,Paul Shirley,2003,2005,F-C,6-10	,230,"December 23, 1977",Iowa State University
137,Gene Short,1976,1976,F,6-6	,200,"August 7, 1953",Jackson State University
138,Purvis Short,1979,1990,F-G,6-7	,210,"July 2, 1957",Jackson State University
139,Dexter Shouse,1990,1990,G,6-2	,200,"March 24, 1963",University of South Alabama
140,Dick Shrider,1949,1949,G,6-2	,190,"February 7, 1923",Ohio University
141,Gene Shue,1955,1964,G,6-2	,170,"December 18, 1931",University of Maryland
142,John Shumate,1976,1981,F-C,6-9	,235,"April 6, 1952",University of Notre Dame
143,Iman Shumpert,2012,2018,G,6-5	,220,"June 26, 1990",Georgia Institute of Technology
144,Alexey Shved,2013,2015,G,6-6	,190,"December 16, 1988",
145,Pascal Siakam,2017,2018,F,6-9	,230,"February 4, 1994",New Mexico State University
146,Sam Sibert,1973,1973,F,6-7	,215,"February 11, 1949",Kentucky State University
147,Mark Sibley,1974,1974,G,6-2	,175,"November 13, 1950",Northwestern University
148,Jerry Sichting,1981,1990,G,6-1	,168,"November 29, 1956",Purdue University
149,Donald Sidle,1969,1972,F-C,6-8	,215,"June 21, 1946",University of Oklahoma
150,Larry Siegfried,1964,1972,F,6-3	,190,"May 22, 1939",Ohio State University
151,Ralph Siewert,1947,1947,C,7-1	,230,"December 31, 1923",Dakota Wesleyan University
152,Jack Sikma,1978,1991,C-F,6-11	,230,"November 14, 1955",Illinois Wesleyan University
153,James Silas,1973,1982,G,6-1	,180,"February 11, 1949",Stephen F. Austin State University
154,Paul Silas,1965,1980,F-C,6-7	,220,"July 12, 1943",Creighton University
155,Xavier Silas,2012,2018,G,6-5	,205,"January 22, 1988","University of Colorado, Northern Illinois University"
156,Garret Siler,2011,2011,C,6-11	,305,"October 25, 1986",Augusta State University
157,Mike Silliman,1971,1971,F,6-6	,225,"May 5, 1944",United States Military Academy
158,Wayne Simien,2006,2007,F,6-9	,255,"March 9, 1983",University of Kansas
159,Ben Simmons,2018,2018,G-F,6-10	,230,"July 20, 1996",Louisiana State University
160,Bobby Simmons,2002,2012,G-F,6-7	,210,"June 2, 1980",DePaul University
161,Cedric Simmons,2007,2009,F,6-9	,235,"January 3, 1986",North Carolina State University
162,Connie Simmons,1947,1956,C-F,6-8	,222,"March 15, 1925",
163,Grant Simmons,1968,1969,G,6-3	,190,"March 7, 1943",University of Nebraska
164,Johnny Simmons,1947,1947,G,6-1	,184,"July 7, 1924",New York University
165,Jonathon Simmons,2016,2018,G-F,6-6	,195,"September 14, 1989",University of Houston
166,Kobi Simmons,2018,2018,G,6-5	,166,"July 4, 1997",University of Arizona
167,Lionel Simmons,1991,1997,F,6-7	,210,"November 14, 1968",La Salle University
168,Miles Simon,1999,1999,G,6-3	,202,"November 21, 1975",University of Arizona
169,Walter Simon,1968,1974,F-G,6-6	,200,"December 1, 1939",Benedict College
170,Dickey Simpkins,1995,2002,F,6-9	,248,"April 6, 1972",Providence College
171,Ralph Simpson,1971,1980,G-F,6-5	,200,"August 10, 1949",Michigan State University
172,Alvin Sims,1999,1999,G,6-4	,235,"October 18, 1974",University of Louisville
173,Bob Sims,1962,1968,G-F,6-5	,220,"October 9, 1938",Pepperdine University
174,Courtney Sims,2008,2009,C,6-10	,245,"October 21, 1983",University of Michigan
175,Doug Sims,1969,1969,F,6-7	,195,"June 29, 1943",Kent State University
176,Henry Sims,2013,2016,C,6-10	,248,"March 27, 1990",Georgetown University
177,Scott Sims,1978,1978,G,6-1	,170,"April 18, 1955",University of Missouri
178,Kyle Singler,2013,2018,F,6-8	,228,"May 4, 1988",Duke University
179,Sean Singletary,2009,2009,G,6-0	,185,"September 6, 1985",University of Virginia
180,Chris Singleton,2012,2014,F,6-8	,230,"November 21, 1989",Florida State University
181,James Singleton,2006,2012,F,6-8	,216,"July 20, 1981",Murray State University
182,McKinley Singleton,1987,1987,G,6-5	,175,"October 29, 1961",University of Alabama at Birmingham
183,Zeke Sinicola,1952,1954,G,5-10	,165,"January 25, 1929",Niagara University
184,Charlie Sitton,1985,1985,F,6-8	,210,"July 3, 1962",Oregon State University
185,Peyton Siva,2014,2014,G,6-0	,185,"October 24, 1990",University of Louisville
186,Scott Skiles,1987,1996,G,6-1	,180,"March 5, 1964",Michigan State University
187,Al Skinner,1975,1980,G,6-3	,190,"June 16, 1952",University of Massachusetts Amherst
188,Brian Skinner,1999,2012,F,6-9	,255,"May 19, 1976",Baylor University
189,Tal Skinner,1975,1976,F-G,6-5	,195,"September 10, 1952",University of Maryland Eastern Shore
190,Whitey Skoog,1952,1957,G,5-11	,180,"November 2, 1926",University of Minnesota
191,Jeff Slade,1963,1963,F,6-6	,220,"March 1, 1941",Kenyon College
192,Reggie Slater,1995,2003,F,6-7	,215,"August 27, 1970",University of Wyoming
193,Jim Slaughter,1952,1952,C,6-11	,210,"May 13, 1928",University of South Carolina
194,Jose Slaughter,1983,1983,G,6-5	,205,"September 9, 1960",University of Portland
195,Tamar Slay,2003,2005,G,6-8	,215,"April 2, 1980",Marshall University
196,Donald Sloan,2012,2016,G,6-3	,205,"January 15, 1988",Texas A&M University
197,Jerry Sloan*,1966,1976,G-F,6-5	,195,"March 28, 1942",University of Evansville
198,Uros Slokar,2007,2007,F,6-10	,238,"May 14, 1983",
199,Tom Sluby,1985,1985,G,6-4	,200,"February 18, 1962",University of Notre Dame
200,Keith Smart,1989,1989,G,6-1	,175,"September 21, 1964",Indiana University
201,Marcus Smart,2015,2018,G,6-4	,220,"March 6, 1994",Oklahoma State University
202,Belus Smawley,1947,1952,G-F,6-1	,195,"March 20, 1918",Appalachian State University
203,Jack Smiley,1949,1950,F-G,6-3	,190,"December 22, 1922",University of Illinois at Urbana-Champaign
204,Adrian Smith,1962,1972,G,6-1	,180,"October 5, 1936",University of Kentucky
205,Al Smith,1972,1976,G,6-1	,185,"January 15, 1947",Bradley University
206,Bill Smith,1962,1962,G-F,6-5	,190,"April 26, 1939",Saint Peter's College
207,Bingo Smith,1970,1980,F-G,6-5	,195,"February 26, 1946",University of Tulsa
208,Bobby Smith,1960,1962,G,6-4	,190,"August 20, 1937",West Virginia University
209,Charles Smith,1989,1997,F-C,6-10	,230,"July 16, 1965",University of Pittsburgh
210,Charles Smith,1990,1996,G,6-1	,160,"November 29, 1967",Georgetown University
211,Charles Smith,1998,2006,G,6-4	,194,"August 22, 1975",University of New Mexico
212,Chris Smith,1993,1995,G,6-3	,190,"May 17, 1970",University of Connecticut
213,Chris Smith,2014,2014,G,6-2	,200,"October 13, 1987","Manhattan College, University of Louisville"
214,Clinton Smith,1987,1991,F,6-6	,210,"January 19, 1964","Ohio State University, Cleveland State University"
215,Craig Smith,2007,2012,F,6-7	,250,"November 10, 1983",Boston College
216,Deb Smith,1947,1947,F,6-3	,180,"January 7, 1920",University of Utah
217,Dennis Smith,2018,2018,G,6-3	,195,"November 25, 1997",North Carolina State University
218,Derek Smith,1983,1991,G-F,6-6	,205,"November 1, 1961",University of Louisville
219,Don Smith,1949,1949,G-F,6-2	,190,"July 27, 1920",University of Minnesota
220,Don Smith,1975,1975,G,6-0	,160,"October 10, 1951",University of Dayton
221,Donta Smith,2005,2006,G-F,6-7	,215,"November 27, 1983",Southeastern Illinois College
222,Doug Smith,1992,1996,F,6-10	,220,"September 17, 1969",University of Missouri
223,Ed Smith,1954,1954,F,6-6	,180,"July 5, 1929",Harvard University
224,Elmore Smith,1972,1979,C,7-0	,250,"May 9, 1949",Kentucky State University
225,Garfield Smith,1971,1973,C-F,6-9	,235,"November 18, 1945",Eastern Kentucky University
226,Greg Smith,1969,1976,F,6-5	,195,"January 28, 1947",Western Kentucky University
227,Greg Smith,2012,2016,C,6-10	,250,"January 8, 1991","California State University, Fresno"
228,Ish Smith,2011,2018,G,6-0	,175,"July 5, 1988",Wake Forest University
229,J.R. Smith,2005,2018,G-F,6-6	,225,"September 9, 1985",
230,Jabari Smith,2001,2005,C,6-11	,250,"February 12, 1977",Louisiana State University
231,Jason Smith,2008,2018,F-C,7-0	,245,"March 2, 1986",Colorado State University
232,Jerry Smith,2012,2012,G,6-2	,190,"September 26, 1987",University of Louisville
233,Jim Smith,1982,1983,F,6-9	,225,"April 12, 1958",Ohio State University
234,Joe Smith,1996,2011,F,6-10	,225,"July 26, 1975",University of Maryland
235,John Smith,1969,1970,C,7-0	,235,"May 24, 1944",University of Southern Colorado
236,Josh Smith,2005,2018,F,6-9	,225,"December 5, 1985",
237,Keith Smith,1987,1987,G,6-3	,180,"March 9, 1964",Loyola Marymount University
238,Ken Smith,1976,1976,F,6-7	,185,"July 12, 1953",University of Tulsa
239,Kenny Smith,1988,1997,G,6-3	,170,"March 8, 1965",University of North Carolina
240,LaBradford Smith,1992,1994,G,6-3	,200,"April 3, 1969",University of Louisville
241,Larry Smith,1981,1993,F-C,6-8	,215,"January 18, 1958",Alcorn State University
242,Leon Smith,2002,2004,C,6-10	,235,"November 2, 1980",
243,Michael Smith,1990,1995,F,6-10	,225,"May 19, 1965",Brigham Young University
244,Michael Smith,1995,2001,F,6-8	,230,"March 28, 1972",Providence College
245,Mike Smith,2001,2001,F,6-8	,195,"April 15, 1976",University of Louisiana at Monroe
246,Nolan Smith,2012,2013,G,6-2	,185,"July 25, 1988",Duke University
247,Otis Smith,1987,1992,G-F,6-5	,210,"January 30, 1964",Jacksonville University
248,Pete Smith,1973,1973,F,6-6	,205,,Valdosta State University
249,Phil Smith,1975,1983,G,6-4	,185,"April 22, 1952",University of San Francisco
250,Randy Smith,1972,1983,G-F,6-3	,180,"December 12, 1948",State University of New York College at Buffalo
251,Reggie Smith,1993,1994,C,6-10	,240,"August 21, 1970",Texas Christian University
252,Robert Smith,1978,1985,G,5-11	,165,"March 10, 1955","University of Nevada, Las Vegas"
253,Russ Smith,2015,2016,G,6-0	,165,"April 19, 1991",University of Louisville
254,Sam Smith,1968,1971,F,6-7	,230,"January 27, 1944",Kentucky Wesleyan College
255,Sam Smith,1979,1980,G,6-4	,200,"January 8, 1955","University of Nevada, Las Vegas"
256,Steve Smith,1992,2005,G,6-7	,200,"March 31, 1969",Michigan State University
257,Steven Smith,2007,2007,F,6-8	,235,"April 12, 1983",La Salle University
258,Stevin Smith,1997,1997,G,6-2	,208,"January 24, 1972",Arizona State University
259,Theron Smith,2004,2005,F,6-8	,225,"October 3, 1980",Ball State University
260,Tony Smith,1991,2001,G,6-3	,185,"June 14, 1968",Marquette University
261,William Smith,1972,1973,C,7-0	,220,"February 14, 1949",Syracuse University
262,Willie Smith,1977,1980,G,6-2	,170,"October 26, 1953",University of Missouri
263,Rik Smits,1989,2000,C,7-4	,250,"August 23, 1966",Marist College
264,Mike Smrek,1986,1992,C,7-0	,250,"August 31, 1962",Canisius College
265,Joe Smyth,1954,1954,F,6-3	,215,"May 22, 1929",Niagara University
266,Tony Snell,2014,2018,G-F,6-7	,200,"November 10, 1991",University of New Mexico
267,Eric Snow,1996,2008,G,6-3	,190,"April 24, 1973",Michigan State University
268,Dick Snyder,1967,1979,G-F,6-5	,207,"February 1, 1944",Davidson College
269,Kirk Snyder,2005,2008,G,6-6	,225,"June 5, 1983","University of Nevada, Reno"
270,Chips Sobek,1950,1950,G-F,6-0	,180,"February 10, 1920",University of Notre Dame
271,Ricky Sobers,1976,1986,G,6-3	,198,"January 15, 1953","University of Nevada, Las Vegas"
272,Ron Sobie,1957,1960,G,6-3	,185,"September 21, 1934",DePaul University
273,Mike Sojourner,1975,1977,C-F,6-9	,225,"October 16, 1953",University of Utah
274,Willie Sojourner,1972,1975,C-F,6-8	,225,"September 10, 1948",Weber State University
275,Will Solomon,2002,2009,G,6-1	,185,"July 20, 1978",Clemson University
276,Willie Somerset,1966,1969,G,5-8	,170,"March 17, 1942",Duquesne University
277,Darius Songaila,2004,2011,F,6-9	,248,"February 14, 1978",Wake Forest University
278,Dave Sorenson,1971,1973,F,6-8	,225,"July 8, 1948",Ohio State University
279,James Southerland,2014,2014,F,6-8	,215,"April 28, 1990",Syracuse University
280,Gino Sovran,1947,1947,F-G,6-2	,175,"December 17, 1924",University of Detroit Mercy
281,Pape Sow,2005,2007,F,6-10	,250,"November 22, 1981","California State University, Fullerton"
282,Ken Spain,1971,1971,C,6-9	,225,"October 6, 1946",University of Houston
283,Jim Spanarkel,1980,1984,G-F,6-5	,190,"June 28, 1957",Duke University
284,Vassilis Spanoulis,2007,2007,G,6-4	,195,"August 7, 1982",
285,Daniel Sparks,1969,1970,F,6-8	,200,"April 17, 1945",Weber State University
286,Guy Sparrow,1958,1960,F,6-6	,218,"November 2, 1932",University of Detroit Mercy
287,Rory Sparrow,1981,1992,G,6-2	,175,"June 12, 1958",Villanova University
288,Odie Spears,1949,1957,G,6-5	,205,"June 17, 1924",Western Kentucky University
289,Art Spector,1947,1950,F,6-4	,200,"October 17, 1920",Villanova University
290,Marreese Speights,2009,2018,C-F,6-10	,255,"August 4, 1987",University of Florida
291,Andre Spencer,1993,1994,F,6-6	,210,"July 20, 1964",Northern Arizona University
292,Elmore Spencer,1993,1997,C,7-0	,270,"December 6, 1969","University of Georgia, University of Nevada, Las Vegas"
293,Felton Spencer,1991,2002,C,7-0	,265,"January 15, 1968",University of Louisville
294,Lou Spicer,1947,1947,F,6-2	,195,"November 12, 1922",Syracuse University
295,Craig Spitzer,1968,1968,C,7-0	,225,"December 18, 1945",Tulane University
296,Tiago Splitter,2011,2017,F-C,6-11	,245,"January 1, 1985",
297,Art Spoelstra,1955,1958,C,6-9	,220,"September 11, 1932",Western Kentucky University
298,Bruce Spraggins,1968,1968,F,6-5	,188,,Virginia Union University
299,Latrell Sprewell,1993,2005,G,6-5	,190,"September 8, 1970",University of Alabama
300,Larry Spriggs,1982,1986,F,6-7	,230,"September 8, 1959",Howard University
301,Jim Springer,1949,1949,C,6-9	,235,"June 17, 1926",
302,Jim Spruill,1949,1949,G,6-2	,225,"February 26, 1923",Rice University
303,Ryan Stack,1999,2000,F,6-11	,215,"July 24, 1975",University of South Carolina
304,Jerry Stackhouse,1996,2013,G-F,6-6	,218,"November 5, 1974",University of North Carolina
305,Kevin Stacom,1975,1982,G,6-3	,185,"September 4, 1951","College of the Holy Cross, Providence College"
306,Erv Staggs,1970,1970,F-G,6-6	,195,"September 1, 1948",Cheyney University of Pennsylvania
307,Bud Stallworth,1973,1977,F-G,6-5	,190,"January 18, 1950",University of Kansas
308,Dave Stallworth,1966,1975,F-C,6-7	,200,"December 20, 1941",Wichita State University
309,Ed Stanczak,1950,1951,F,6-1	,185,"August 15, 1921",
310,Terence Stansbury,1985,1987,G,6-5	,170,"February 27, 1961",Temple University
311,John Starks,1989,2002,G,6-3	,180,"August 10, 1965",Oklahoma State University
312,Keith Starr,1977,1977,G-F,6-6	,190,"March 14, 1954",University of Pittsburgh
313,Nik Stauskas,2015,2018,G,6-6	,205,"October 7, 1993",University of Michigan
314,Larry Staverman,1959,1964,F,6-7	,205,"October 11, 1936",Thomas More College
315,Larry Steele,1972,1980,G-F,6-5	,180,"May 5, 1949",University of Kentucky
316,Matt Steigenga,1997,1997,F,6-7	,225,"March 27, 1970",Michigan State University
317,Vladimir Stepania,1999,2004,C,7-0	,236,"May 8, 1976",
318,D.J. Stephens,2014,2014,G-F,6-5	,188,"December 19, 1990",University of Memphis
319,Everette Stephens,1989,1991,G,6-2	,175,"October 21, 1966",Purdue University
320,Jack Stephens,1956,1956,G-F,6-3	,185,"May 18, 1933",University of Notre Dame
321,Joe Stephens,1997,2000,F,6-7	,210,"January 28, 1973","University of Colorado, University of Arkansas at Little Rock"
322,Lance Stephenson,2011,2018,G-F,6-5	,230,"September 5, 1990",University of Cincinnati
323,Alex Stepheson,2016,2016,F,6-10	,270,"August 7, 1987","University of North Carolina, University of Southern California"
324,Brook Steppe,1983,1989,G-F,6-5	,195,"November 7, 1959",Georgia Institute of Technology
325,Barry Stevens,1993,1993,G-F,6-5	,195,"January 17, 1963",Iowa State University
326,Wayne Stevens,1960,1960,F,6-3	,185,"June 19, 1936",University of Cincinnati
327,DeShawn Stevenson,2001,2013,G,6-5	,210,"April 3, 1981",
328,Dennis Stewart,1971,1971,F,6-6	,220,"April 11, 1947",University of Michigan
329,Kebu Stewart,1998,1998,F,6-8	,239,"December 19, 1973","University of Nevada, Las Vegas, California State University, Bakersfield"
330,Larry Stewart,1992,1997,F,6-8	,220,"September 21, 1968",Coppin State University
331,Michael Stewart,1998,2005,C,6-10	,230,"April 25, 1975",University of California
332,Norm Stewart,1957,1957,F,6-5	,205,"January 20, 1935",University of Missouri
333,Greg Stiemsma,2012,2015,C,6-11	,260,"September 26, 1985",University of Wisconsin
334,Steve Stipanovich,1984,1988,C,6-11	,245,"November 17, 1960",University of Missouri
335,Bryant Stith,1993,2002,G,6-5	,208,"December 10, 1970",University of Virginia
336,Sam Stith,1962,1962,G,6-2	,185,"July 22, 1937",St. Bonaventure University
337,Tom Stith,1963,1963,F,6-5	,210,"January 21, 1939",St. Bonaventure University
338,Alex Stivrins,1986,1993,F,6-8	,220,"November 29, 1962","Creighton University, University of Colorado"
339,David Stockton,2015,2018,G,5-11	,165,"June 24, 1991",Gonzaga University
340,John Stockton*,1985,2003,G,6-1	,170,"March 26, 1962",Gonzaga University
341,Peja Stojakovic,1999,2011,F-G,6-9	,220,"June 9, 1977",
342,Ed Stokes,1998,1998,C,7-0	,264,"September 3, 1971",University of Arizona
343,Greg Stokes,1986,1990,F-C,6-10	,220,"August 5, 1963",University of Iowa
344,Jarnell Stokes,2015,2017,F-C,6-9	,263,"January 7, 1994",University of Tennessee
345,Maurice Stokes*,1956,1958,F-C,6-7	,232,"June 17, 1933",Saint Francis University
346,Art Stolkey,1947,1947,G,6-1	,180,"October 23, 1920",University of Detroit Mercy
347,Randy Stoll,1968,1968,C,6-7	,235,,Washington State University
348,Diamond Stone,2017,2017,C,6-11	,255,"February 10, 1997",University of Maryland
349,George Stone,1969,1972,F,6-7	,195,"February 9, 1946",Marshall University
350,Julyan Stone,2012,2018,G,6-6	,200,"December 7, 1988",University of Texas at El Paso
351,Awvee Storey,2005,2008,G-F,6-6	,222,"April 18, 1977","University of Illinois at Urbana-Champaign, Arizona State University"
352,Damon Stoudamire,1996,2008,G,5-10	,171,"September 3, 1973",University of Arizona
353,Salim Stoudamire,2006,2008,G,6-1	,179,"October 11, 1982",University of Arizona
354,Amar'e Stoudemire,2003,2016,F-C,6-10	,245,"November 16, 1982",
355,Paul Stovall,1973,1974,F,6-4	,215,"August 16, 1948",Arizona State University
356,D.J. Strawberry,2008,2008,G,6-5	,201,"June 15, 1985",University of Maryland
357,Joe Strawder,1966,1968,C,6-10	,235,"September 21, 1940",Bradley University
358,Bill Stricker,1971,1971,F,6-9	,210,"January 22, 1948",University of the Pacific
359,Erick Strickland,1997,2005,G,6-3	,210,"November 25, 1973",University of Nebraska
360,Mark Strickland,1995,2003,F,6-9	,210,"July 14, 1970",Temple University
361,Rod Strickland,1989,2005,G,6-3	,175,"July 11, 1966",DePaul University
362,Roger Strickland,1964,1964,F,6-5	,200,"September 4, 1940",Jacksonville University
363,John Stroeder,1988,1989,F,6-10	,260,"July 24, 1958",University of Montana
364,Derek Strong,1992,2001,F,6-8	,220,"February 9, 1968",Xavier University
365,Lamont Strothers,1992,1993,G,6-4	,190,"May 10, 1968",Christopher Newport University
366,John Stroud,1981,1981,F,6-7	,215,"October 29, 1957",University of Mississippi
367,Red Stroud,1968,1968,G,6-0	,160,"May 2, 1941",Mississippi State University
368,Rodney Stuckey,2008,2017,G,6-5	,210,"April 21, 1986",Eastern Washington University
369,Gene Stump,1948,1950,F-G,6-2	,185,"November 13, 1923",DePaul University
370,Stan Stutz,1947,1949,G-F,5-10	,170,"April 14, 1920",University of Rhode Island
371,Gary Suiter,1971,1971,C-F,6-9	,225,"January 18, 1945",Midwestern State University
372,Jared Sullinger,2013,2017,F,6-9	,260,"March 4, 1992",Ohio State University
373,DaJuan Summers,2010,2013,F,6-8	,230,"January 24, 1988",Georgetown University
374,Edmond Sumner,2018,2018,G,6-6	,176,"December 31, 1995",Xavier University
375,Barry Sumpter,1989,1989,F-C,6-11	,215,"November 11, 1965","University of Louisville, Austin Peay State University"
376,Don Sunderlage,1954,1955,G,6-1	,180,"December 20, 1929",University of Illinois at Urbana-Champaign
377,Bruno Sundov,1999,2005,C,7-2	,220,"February 10, 1980",
378,Jon Sundvold,1984,1992,G,6-2	,170,"July 2, 1961",University of Missouri
379,Bob Sura,1996,2005,G,6-5	,200,"March 25, 1973",Florida State University
380,Dick Surhoff,1953,1954,F,6-4	,210,"November 16, 1929",Long Island University
381,George Sutor,1968,1970,C,6-8	,235,"September 14, 1943",La Salle University
382,Dane Suttle,1984,1985,G,6-3	,190,"August 9, 1961",Pepperdine University
383,Greg Sutton,1992,1996,G,6-2	,170,"December 3, 1967",Oral Roberts University
384,Keith Swagerty,1969,1970,F,6-7	,235,"October 30, 1945",University of the Pacific
385,Bennie Swain,1959,1959,F,6-8	,220,"December 16, 1933",Texas Southern University
386,Caleb Swanigan,2018,2018,F,6-8	,250,"April 18, 1997",Purdue University
387,Norm Swanson,1954,1954,F,6-6	,210,"October 4, 1930",University of Detroit Mercy
388,Dan Swartz,1963,1963,F,6-4	,215,"December 23, 1934",Morehead State University
389,Mike Sweetney,2004,2007,F,6-8	,275,"October 25, 1982",Georgetown University
390,Robert Swift,2005,2009,C,7-0	,245,"December 3, 1985",
391,Skeeter Swift,1970,1974,G,6-3	,204,"June 19, 1946",East Tennessee State University
392,Stromile Swift,2001,2009,F,6-9	,225,"November 21, 1979",Louisiana State University
393,Aaron Swinson,1995,1995,F,6-5	,230,"January 9, 1971",Auburn University
394,Pape Sy,2011,2011,F,6-7	,225,"April 5, 1988",
395,Buck Sydnor,1947,1947,G,5-10	,175,"September 19, 1921",Western Kentucky University
396,Larry Sykes,1996,1996,F,6-9	,255,"April 11, 1973",Xavier University
397,Brett Szabo,1997,1997,C,6-11	,230,"February 1, 1968",Augustana College (SD)
398,Wally Szczerbiak,2000,2009,F,6-7	,244,"March 5, 1977",Miami University
399,Walt Szczerbiak,1972,1972,F,6-6	,210,"August 21, 1949",George Washington University
